[FIPS CODE ,  SHORT NAME ,  FULL NAME ,  STATE ,  LATATUDE ,  LONGITUDE ,  POPULATION (2020) ,  AREA (SQ MI)]
[6037, Los Angeles, Los Angeles County, CA, 34.3219, -118.2247, 9808667, 4057.88]
[17031, Cook, Cook County, IL, 41.8401, -87.8168, 5182090, 945.33]
[48201, Harris, Harris County, TX, 29.8578, -95.3938, 4838303, 1703.48]
[4013, Maricopa, Maricopa County, AZ, 33.349, -112.4915, 4559748, 9200.14]
[6073, San Diego, San Diego County, CA, 33.0343, -116.735, 3288774, 4206.63]
[6059, Orange, Orange County, CA, 33.7031, -117.7609, 3165820, 790.57]
[12086, Miami-Dade, Miami-Dade County, FL, 25.615, -80.5624, 2738356, 1897.72]
[36047, Kings, Kings County, NY, 40.6413, -73.9383, 2631580, 70.82]
[48113, Dallas, Dallas County, TX, 32.7666, -96.7778, 2621179, 871.28]
[6065, Riverside, Riverside County, CA, 33.7437, -115.9938, 2478600, 7206.48]
[32003, Clark, Clark County, NV, 36.2152, -115.0135, 2329548, 7891.43]
[36081, Queens, Queens County, NY, 40.7035, -73.8196, 2323052, 108.53]
[53033, King, King County, WA, 47.4903, -121.8052, 2287171, 2115.57]
[6071, San Bernardino, San Bernardino County, CA, 34.8414, -116.1785, 2197104, 20056.94]
[48439, Tarrant, Tarrant County, TX, 32.7719, -97.2911, 2167390, 863.61]
[48029, Bexar, Bexar County, TX, 29.4489, -98.52, 2067341, 1239.82]
[12011, Broward, Broward County, FL, 26.1523, -80.4871, 1977129, 1209.79]
[6085, Santa Clara, Santa Clara County, CA, 37.2318, -121.6951, 1902047, 1290.1]
[26163, Wayne, Wayne County, MI, 42.2822, -83.283, 1772259, 612.08]
[6001, Alameda, Alameda County, CA, 37.6469, -121.8887, 1649473, 739.02]
[25017, Middlesex, Middlesex County, MA, 42.4856, -71.3918, 1638365, 817.82]
[36061, New York, New York County, NY, 40.7792, -73.9668, 1629477, 22.83]
[6067, Sacramento, Sacramento County, CA, 38.4493, -121.3443, 1594006, 964.64]
[42101, Philadelphia, Philadelphia County, PA, 40.0076, -75.134, 1579706, 134.1]
[12099, Palm Beach, Palm Beach County, FL, 26.6476, -80.4655, 1533806, 1969.76]
[36103, Suffolk, Suffolk County, NY, 40.8681, -72.8456, 1530146, 912.05]
[12057, Hillsborough, Hillsborough County, FL, 27.9292, -82.3088, 1522748, 1020.21]
[12095, Orange, Orange County, FL, 28.5144, -81.3235, 1471937, 903.43]
[36005, Bronx, Bronx County, NY, 40.8501, -73.8671, 1404779, 42.1]
[36059, Nassau, Nassau County, NY, 40.7326, -73.5862, 1389591, 284.72]
[39049, Franklin, Franklin County, OH, 39.9695, -83.0093, 1333048, 532.19]
[48453, Travis, Travis County, TX, 30.3344, -97.782, 1330015, 990.2]
[26125, Oakland, Oakland County, MI, 42.6604, -83.3858, 1279825, 867.66]
[27053, Hennepin, Hennepin County, MN, 45.0046, -93.477, 1269496, 553.59]
[39035, Cuyahoga, Cuyahoga County, OH, 41.4243, -81.6586, 1245873, 457.19]
[42003, Allegheny, Allegheny County, PA, 40.4688, -79.9812, 1238177, 730.08]
[49035, Salt Lake, Salt Lake County, UT, 40.6673, -111.9236, 1196523, 742.28]
[37183, Wake, Wake County, NC, 35.7903, -78.6503, 1178653, 835.22]
[6013, Contra Costa, Contra Costa County, CA, 37.9192, -121.9275, 1165012, 715.94]
[48085, Collin, Collin County, TX, 33.188, -96.5724, 1163337, 841.23]
[37119, Mecklenburg, Mecklenburg County, NC, 35.2467, -80.8328, 1154681, 523.84]
[51059, Fairfax, Fairfax County, VA, 38.8368, -77.277, 1147837, 390.97]
[13121, Fulton, Fulton County, GA, 33.7903, -84.4671, 1076561, 526.64]
[24031, Montgomery, Montgomery County, MD, 39.1363, -77.2042, 1065949, 491.25]
[4019, Pima, Pima County, AZ, 32.0974, -111.7899, 1060490, 9187.04]
[12031, Duval, Duval County, FL, 30.3313, -81.6715, 1023153, 762.19]
[6019, Fresno, Fresno County, CA, 36.7582, -119.6493, 1016725, 5957.99]
[15003, Honolulu, Honolulu County, HI, 21.4899, -158.0739, 1001146, 600.74]
[36119, Westchester, Westchester County, NY, 41.1626, -73.7561, 999677, 430.5]
[29189, St. Louis, St. Louis County, MO, 38.6407, -90.4434, 995569, 507.8]
[13135, Gwinnett, Gwinnett County, GA, 33.9619, -84.0235, 979864, 430.38]
[48121, Denton, Denton County, TX, 33.2055, -97.1168, 979561, 878.43]
[9110, Capitol, Capitol Planning Region, CT, 41.8185, -72.572, 977290, 410.21]
[18097, Marion, Marion County, IN, 39.7817, -86.1385, 975809, 396.3]
[12103, Pinellas, Pinellas County, FL, 27.9198, -82.7255, 963481, 273.8]
[34003, Bergen, Bergen County, NJ, 40.9597, -74.0742, 962316, 233.01]
[24033, Prince George's, Prince George's County, MD, 38.8295, -76.8473, 959754, 482.69]
[36029, Erie, Erie County, NY, 42.7639, -78.7323, 950622, 1042.69]
[53053, Pierce, Pierce County, WA, 47.0239, -122.1041, 930319, 1669.51]
[17043, DuPage, DuPage County, IL, 41.852, -88.0856, 930024, 327.5]
[55079, Milwaukee, Milwaukee County, WI, 43.0072, -87.9669, 926331, 241.4]
[47157, Shelby, Shelby County, TN, 35.1843, -89.8938, 919173, 763.17]
[6029, Kern, Kern County, CA, 35.3426, -118.7301, 915075, 8131.92]
[48157, Fort Bend, Fort Bend County, TX, 29.5275, -95.7709, 893767, 861.48]
[48215, Hidalgo, Hidalgo County, TX, 26.3969, -98.1812, 891977, 1570.87]
[26099, Macomb, Macomb County, MI, 42.6957, -82.9323, 879853, 479.22]
[34023, Middlesex, Middlesex County, NJ, 40.4392, -74.4117, 871290, 308.91]
[48141, El Paso, El Paso County, TX, 31.7686, -106.2348, 870779, 1012.69]
[25027, Worcester, Worcester County, MA, 42.3514, -71.9077, 867788, 1510.77]
[42091, Montgomery, Montgomery County, PA, 40.2108, -75.3673, 867573, 483.04]
[34013, Essex, Essex County, NJ, 40.788, -74.2481, 863002, 126.21]
[24005, Baltimore, Baltimore County, MD, 39.4629, -76.6395, 850796, 598.3]
[53061, Snohomish, Snohomish County, WA, 48.0474, -121.6972, 844430, 2087.27]
[6111, Ventura, Ventura County, CA, 34.4561, -119.0836, 837469, 1843.13]
[39061, Hamilton, Hamilton County, OH, 39.1955, -84.5428, 830774, 405.91]
[6075, San Francisco, San Francisco County, CA, 37.7556, -122.445, 830235, 46.87]
[12071, Lee, Lee County, FL, 26.578, -81.8332, 817666, 784.51]
[25009, Essex, Essex County, MA, 42.6732, -70.9524, 813054, 492.56]
[40109, Oklahoma, Oklahoma County, OK, 35.5515, -97.4072, 806199, 708.82]
[41051, Multnomah, Multnomah County, OR, 45.5468, -122.4149, 801477, 431.3]
[6077, San Joaquin, San Joaquin County, CA, 37.9348, -121.2714, 797334, 1391.32]
[12105, Polk, Polk County, FL, 27.9489, -81.6976, 790694, 1797.84]
[25025, Suffolk, Suffolk County, MA, 42.3329, -71.0735, 785121, 58.15]
[21111, Jefferson, Jefferson County, KY, 38.1872, -85.6591, 783022, 380.42]
[13067, Cobb, Cobb County, GA, 33.9416, -84.5767, 775208, 339.55]
[13089, DeKalb, DeKalb County, GA, 33.7716, -84.2264, 765351, 267.58]
[36055, Monroe, Monroe County, NY, 43.1464, -77.6961, 753753, 657.21]
[8041, El Paso, El Paso County, CO, 38.8321, -104.5254, 742999, 2126.8]
[6081, San Mateo, San Mateo County, CA, 37.4228, -122.3291, 742340, 448.41]
[25021, Norfolk, Norfolk County, MA, 42.1603, -71.2118, 730082, 396.11]
[29095, Jackson, Jackson County, MO, 39.0085, -94.3461, 719976, 604.46]
[8031, Denver, Denver County, CO, 39.762, -104.8758, 718877, 153.0]
[34017, Hudson, Hudson County, NJ, 40.7408, -74.0751, 718323, 46.19]
[47037, Davidson, Davidson County, TN, 36.1695, -86.7848, 715388, 504.03]
[17097, Lake, Lake County, IL, 42.3233, -88.0037, 714223, 443.67]
[49049, Utah, Utah County, UT, 40.1199, -111.6702, 705400, 2003.45]
[17197, Will, Will County, IL, 41.445, -87.9786, 701462, 836.91]
[48339, Montgomery, Montgomery County, TX, 30.3002, -95.503, 684432, 1041.74]
[11001, District of Columbia, District of Columbia, DC, 38.9047, -77.0163, 681294, 61.05]
[40143, Tulsa, Tulsa County, OK, 36.1211, -95.9415, 680794, 570.25]
[35001, Bernalillo, Bernalillo County, NM, 35.0514, -106.6702, 673930, 1160.83]
[48491, Williamson, Williamson County, TX, 30.6475, -97.6004, 672688, 1118.3]
[1073, Jefferson, Jefferson County, AL, 33.5543, -86.8964, 667755, 1111.28]
[44007, Providence, Providence County, RI, 41.8721, -71.58, 664854, 409.5]
[26081, Kent, Kent County, MI, 43.0322, -85.5493, 663150, 846.95]
[8005, Arapahoe, Arapahoe County, CO, 39.6498, -104.3393, 659844, 798.1]
[34029, Ocean, Ocean County, NJ, 39.8856, -74.2814, 654362, 628.78]
[42017, Bucks, Bucks County, PA, 40.3369, -75.1069, 647461, 604.31]
[34025, Monmouth, Monmouth County, NJ, 40.26, -74.2216, 645353, 468.79]
[12009, Brevard, Brevard County, FL, 28.2937, -80.7323, 632780, 1015.66]
[9190, Western Connecticut, Western Connecticut Planning Region, CT, 41.3225, -73.4475, 627071, 624.89]
[20091, Johnson, Johnson County, KS, 38.8838, -94.8223, 620631, 473.38]
[12101, Pasco, Pasco County, FL, 28.3092, -82.392, 611444, 746.89]
[41067, Washington, Washington County, OR, 45.56, -123.0984, 603947, 724.23]
[24003, Anne Arundel, Anne Arundel County, MD, 39.0065, -76.6051, 598166, 414.9]
[31055, Douglas, Douglas County, NE, 41.2953, -96.1543, 590736, 328.46]
[25005, Bristol, Bristol County, MA, 41.7972, -71.1145, 582270, 553.1]
[12127, Volusia, Volusia County, FL, 29.0584, -81.1819, 579622, 1101.03]
[8059, Jefferson, Jefferson County, CO, 39.5864, -105.2505, 579377, 764.21]
[34039, Union, Union County, NJ, 40.6601, -74.31, 579290, 102.86]
[42045, Delaware, Delaware County, PA, 39.9167, -75.3991, 579222, 183.84]
[10003, New Castle, New Castle County, DE, 39.5768, -75.6527, 577961, 426.29]
[24510, Baltimore, Baltimore City, MD, 39.3051, -76.6144, 573243, 80.94]
[55025, Dane, Dane County, WI, 43.0673, -89.4181, 572674, 1197.24]
[9170, South Central Connecticut, South Central Connecticut Planning Region, CT, 41.3613, -72.8445, 570598, 604.51]
[42071, Lancaster, Lancaster County, PA, 40.0424, -76.2477, 557931, 943.81]
[6099, Stanislaus, Stanislaus County, CA, 37.5591, -120.9977, 553990, 1494.83]
[53063, Spokane, Spokane County, WA, 47.6208, -117.404, 549056, 1763.79]
[45045, Greenville, Greenville County, SC, 34.8941, -82.3706, 548166, 785.12]
[37081, Guilford, Guilford County, NC, 36.0795, -79.7889, 547940, 645.7]
[42029, Chester, Chester County, PA, 39.9731, -75.7484, 547840, 750.51]
[27123, Ramsey, Ramsey County, MN, 45.0171, -93.0996, 542945, 152.21]
[39153, Summit, Summit County, OH, 41.126, -81.5322, 537864, 412.75]
[39113, Montgomery, Montgomery County, OH, 39.7547, -84.2907, 536096, 461.55]
[25023, Plymouth, Plymouth County, MA, 41.9511, -70.8115, 535075, 659.08]
[8001, Adams, Adams County, CO, 39.8736, -104.3378, 530225, 1167.65]
[20173, Sedgwick, Sedgwick County, KS, 37.6848, -97.461, 528226, 997.51]
[34007, Camden, Camden County, NJ, 39.8035, -74.9597, 527257, 221.26]
[34031, Passaic, Passaic County, NJ, 41.0344, -74.3009, 521012, 184.59]
[16001, Ada, Ada County, ID, 43.4512, -116.2412, 518935, 1052.58]
[17089, Kane, Kane County, IL, 41.9388, -88.4286, 517255, 520.06]
[53011, Clark, Clark County, WA, 45.7792, -122.4825, 516959, 629.0]
[34027, Morris, Morris County, NJ, 40.862, -74.5445, 514528, 460.18]
[19153, Polk, Polk County, IA, 41.6854, -93.5734, 503175, 573.8]
[18089, Lake, Lake County, IN, 41.4167, -87.3821, 500379, 498.96]
[32031, Washoe, Washoe County, NV, 40.6655, -119.6643, 497200, 6302.37]
[36085, Richmond, Richmond County, NY, 40.5808, -74.1531, 494956, 58.37]
[47093, Knox, Knox County, TN, 35.9932, -83.9371, 494148, 508.22]
[51153, Prince William, Prince William County, VA, 38.7029, -77.4809, 488880, 336.4]
[6097, Sonoma, Sonoma County, CA, 38.529, -122.8882, 485040, 1575.85]
[12117, Seminole, Seminole County, FL, 28.717, -81.2363, 481470, 309.22]
[6107, Tulare, Tulare County, CA, 36.2202, -118.8005, 478693, 4824.22]
[36067, Onondaga, Onondaga County, NY, 43.0058, -76.1946, 471129, 778.39]
[4021, Pinal, Pinal County, AZ, 32.9044, -111.3448, 469006, 5365.61]
[34005, Burlington, Burlington County, NJ, 39.8777, -74.6681, 467805, 798.58]
[42133, York, York County, PA, 39.92, -76.7265, 462924, 904.18]
[25013, Hampden, Hampden County, MA, 42.1351, -72.6316, 462815, 617.14]
[12115, Sarasota, Sarasota County, FL, 27.1845, -82.3315, 459547, 555.87]
[51810, Virginia Beach, Virginia Beach City, VA, 36.7335, -76.0435, 456349, 249.02]
[9140, Naugatuck Valley, Naugatuck Valley Planning Region, CT, 41.5231, -73.086, 454969, 0.0]
[22033, East Baton Rouge, East Baton Rouge Parish, LA, 30.5383, -91.0956, 452938, 455.37]
[6095, Solano, Solano County, CA, 38.27, -121.9328, 451918, 821.77]
[27037, Dakota, Dakota County, MN, 44.6719, -93.0654, 445771, 562.17]
[6083, Santa Barbara, Santa Barbara County, CA, 34.6729, -120.0169, 443701, 2735.09]
[6053, Monterey, Monterey County, CA, 36.2171, -121.2388, 437613, 3280.6]
[42011, Berks, Berks County, PA, 40.4163, -75.926, 433015, 856.51]
[51107, Loudoun, Loudoun County, VA, 39.0907, -77.6357, 432998, 515.56]
[22051, Jefferson, Jefferson Parish, LA, 29.7882, -90.1276, 430920, 295.63]
[12081, Manatee, Manatee County, FL, 27.4719, -82.3153, 429792, 742.93]
[39095, Lucas, Lucas County, OH, 41.6197, -83.6589, 428018, 340.86]
[12097, Osceola, Osceola County, FL, 28.0626, -81.1495, 427415, 1327.45]
[33011, Hillsborough, Hillsborough County, NH, 42.9153, -71.7161, 426378, 876.14]
[48061, Cameron, Cameron County, TX, 26.1333, -97.5187, 426120, 890.92]
[41005, Clackamas, Clackamas County, OR, 45.188, -122.2208, 423975, 1870.32]
[45079, Richland, Richland County, SC, 34.0218, -80.9031, 422117, 757.07]
[45019, Charleston, Charleston County, SC, 32.8348, -79.9531, 420264, 916.09]
[6061, Placer, Placer County, CA, 39.0634, -120.7177, 419156, 1407.01]
[29183, St. Charles, St. Charles County, MO, 38.782, -90.6749, 414535, 560.44]
[12069, Lake, Lake County, FL, 28.7615, -81.7113, 412924, 938.38]
[1097, Mobile, Mobile County, AL, 30.7877, -88.2058, 412590, 1229.44]
[55133, Waukesha, Waukesha County, WI, 43.0182, -88.3045, 411762, 549.57]
[36071, Orange, Orange County, NY, 41.4022, -74.3056, 406616, 811.69]
[1089, Madison, Madison County, AL, 34.7631, -86.5502, 405718, 801.59]
[26049, Genesee, Genesee County, MI, 43.0217, -83.7067, 403305, 636.98]
[12083, Marion, Marion County, FL, 29.2102, -82.0567, 400078, 1584.55]
[5119, Pulaski, Pulaski County, AR, 34.77, -92.312, 399818, 759.76]
[12021, Collier, Collier County, FL, 26.1108, -81.3474, 398291, 1998.32]
[39017, Butler, Butler County, OH, 39.4386, -84.5756, 392876, 467.06]
[18003, Allen, Allen County, IN, 41.0909, -85.0665, 392378, 657.31]
[48039, Brazoria, Brazoria County, TX, 29.1898, -95.4521, 391255, 1357.7]
[37067, Forsyth, Forsyth County, NC, 36.1306, -80.2564, 389977, 408.15]
[48027, Bell, Bell County, TX, 31.0373, -97.4788, 386897, 1051.02]
[34021, Mercer, Mercer County, NJ, 40.2834, -74.7018, 385864, 224.56]
[41039, Lane, Lane County, OR, 43.9387, -122.8479, 384207, 4553.12]
[45051, Horry, Horry County, SC, 33.9216, -78.9969, 383016, 1133.9]
[42077, Lehigh, Lehigh County, PA, 40.6127, -75.5923, 378792, 345.17]
[51041, Chesterfield, Chesterfield County, VA, 37.3785, -77.587, 377869, 423.3]
[8035, Douglas, Douglas County, CO, 39.3298, -104.9293, 377150, 840.25]
[47065, Hamilton, Hamilton County, TN, 35.1808, -85.1648, 376192, 542.43]
[39151, Stark, Stark County, OH, 40.8139, -81.3656, 373713, 575.27]
[22071, Orleans, Orleans Parish, LA, 30.0687, -89.9289, 371853, 169.42]
[49011, Davis, Davis County, UT, 40.99, -112.1115, 370924, 298.78]
[27003, Anoka, Anoka County, MN, 45.2733, -93.2465, 370349, 423.01]
[26161, Washtenaw, Washtenaw County, MI, 42.2532, -83.8388, 369822, 705.97]
[8069, Larimer, Larimer County, CO, 40.6664, -105.4611, 367368, 2596.0]
[18057, Hamilton, Hamilton County, IN, 40.0725, -86.052, 365056, 394.27]
[47149, Rutherford, Rutherford County, TN, 35.8427, -86.4167, 360646, 619.36]
[12111, St. Lucie, St. Lucie County, FL, 27.3773, -80.4721, 360500, 571.93]
[48167, Galveston, Galveston County, TX, 29.3944, -94.9642, 358990, 378.36]
[48355, Nueces, Nueces County, TX, 27.7254, -97.6134, 352955, 838.48]
[42129, Westmoreland, Westmoreland County, PA, 40.3109, -79.4668, 352500, 1027.55]
[8123, Weld, Weld County, CO, 40.5548, -104.3925, 350396, 3987.24]
[34035, Somerset, Somerset County, NJ, 40.5635, -74.6163, 349846, 301.81]
[41047, Marion, Marion County, OR, 44.9033, -122.5846, 349244, 1182.33]
[45083, Spartanburg, Spartanburg County, SC, 34.9309, -81.9908, 347852, 807.93]
[36087, Rockland, Rockland County, NY, 41.1525, -74.0242, 341883, 173.55]
[37051, Cumberland, Cumberland County, NC, 35.0487, -78.8277, 338545, 652.32]
[24027, Howard, Howard County, MD, 39.2507, -76.9312, 336328, 250.74]
[51087, Henrico, Henrico County, VA, 37.538, -77.4058, 335744, 233.7]
[37063, Durham, Durham County, NC, 36.036, -78.8766, 332353, 285.98]
[9120, Greater Bridgeport, Greater Bridgeport Planning Region, CT, 41.2428, -73.2314, 329259, 0.0]
[8013, Boulder, Boulder County, CO, 40.0925, -105.3577, 328961, 726.29]
[42079, Luzerne, Luzerne County, PA, 41.177, -75.9892, 327675, 890.33]
[31109, Lancaster, Lancaster County, NE, 40.7842, -96.6878, 326696, 837.55]
[12033, Escambia, Escambia County, FL, 30.669, -87.363, 325923, 656.46]
[21067, Fayette, Fayette County, KY, 38.0423, -84.4587, 323725, 283.65]
[33015, Rockingham, Rockingham County, NH, 42.9876, -71.1254, 319082, 694.72]
[48303, Lubbock, Lubbock County, TX, 33.6102, -101.8205, 318884, 895.6]
[42095, Northampton, Northampton County, PA, 40.7542, -75.3076, 318580, 369.67]
[39093, Lorain, Lorain County, OH, 41.2956, -82.151, 317129, 491.1]
[36001, Albany, Albany County, NY, 42.6002, -73.9736, 317018, 522.8]
[17111, McHenry, McHenry County, IL, 42.3244, -88.4523, 312591, 603.17]
[23005, Cumberland, Cumberland County, ME, 43.8466, -70.3996, 308827, 835.24]
[34015, Gloucester, Gloucester County, NJ, 39.7173, -75.1414, 306954, 322.01]
[12109, St. Johns, St. Johns County, FL, 29.9016, -81.4407, 306934, 600.66]
[45063, Lexington, Lexington County, SC, 33.9023, -81.272, 304887, 698.91]
[5007, Benton, Benton County, AR, 36.3387, -94.2561, 303632, 847.36]
[29077, Greene, Greene County, MO, 37.2581, -93.342, 303375, 675.3]
[26139, Ottawa, Ottawa County, MI, 42.9599, -85.996, 301203, 563.47]
[13051, Chatham, Chatham County, GA, 32.0043, -81.1329, 300879, 426.44]
[40027, Cleveland, Cleveland County, OK, 35.2031, -97.3265, 300047, 538.77]
[53067, Thurston, Thurston County, WA, 46.9256, -122.8333, 299067, 721.96]
[13063, Clayton, Clayton County, GA, 33.5419, -84.3576, 298924, 141.57]
[36027, Dutchess, Dutchess County, NY, 41.7652, -73.7429, 298220, 795.63]
[12073, Leon, Leon County, FL, 30.458, -84.2779, 297542, 666.85]
[45091, York, York County, SC, 34.9749, -81.1844, 293673, 680.6]
[6047, Merced, Merced County, CA, 37.1919, -120.7177, 290201, 1934.97]
[42043, Dauphin, Dauphin County, PA, 40.4155, -76.7794, 289593, 525.05]
[2020, Anchorage, Anchorage Municipality, AK, 61.1498, -149.1082, 288976, 1704.68]
[29510, St. Louis, St. Louis City, MO, 38.6358, -90.2451, 288512, 61.91]
[24021, Frederick, Frederick County, MD, 39.4722, -77.398, 287048, 660.22]
[12001, Alachua, Alachua County, FL, 29.6747, -82.3577, 285492, 875.02]
[26065, Ingham, Ingham County, MI, 42.5971, -84.3735, 283913, 556.12]
[17201, Winnebago, Winnebago County, IL, 42.3363, -89.1609, 283292, 513.36]
[6079, San Luis Obispo, San Luis Obispo County, CA, 35.3871, -120.4044, 281555, 3298.57]
[13057, Cherokee, Cherokee County, GA, 34.244, -84.4762, 281032, 421.67]
[9180, Southeastern Connecticut, Southeastern Connecticut Planning Region, CT, 41.5023, -72.1, 279971, 664.88]
[53035, Kitsap, Kitsap County, WA, 47.6127, -122.6762, 277881, 394.94]
[34001, Atlantic, Atlantic County, NJ, 39.4778, -74.6613, 276270, 555.7]
[27163, Washington, Washington County, MN, 45.0388, -92.8838, 276238, 384.28]
[37021, Buncombe, Buncombe County, NC, 35.6112, -82.5301, 274360, 656.67]
[18141, St. Joseph, St. Joseph County, IN, 41.6167, -86.2899, 273040, 457.85]
[22103, St. Tammany, St. Tammany Parish, LA, 30.4103, -89.9584, 272421, 845.55]
[55009, Brown, Brown County, WI, 44.4525, -88.0037, 270892, 529.71]
[49057, Weber, Weber County, UT, 41.2698, -111.9134, 269648, 576.08]
[48479, Webb, Webb County, TX, 27.7611, -99.3315, 269294, 3361.48]
[42049, Erie, Erie County, PA, 41.9925, -80.0327, 269052, 799.15]
[48209, Hays, Hays County, TX, 30.0579, -98.0312, 268638, 677.98]
[42041, Cumberland, Cumberland County, PA, 40.1636, -77.2655, 268323, 545.46]
[13117, Forsyth, Forsyth County, GA, 34.2255, -84.125, 267287, 224.02]
[48309, McLennan, McLennan County, TX, 31.5524, -97.2018, 266067, 1037.1]
[6087, Santa Cruz, Santa Cruz County, CA, 37.0562, -122.0018, 264926, 445.17]
[17119, Madison, Madison County, IL, 38.8297, -89.9049, 264238, 715.58]
[24025, Harford, Harford County, MD, 39.5611, -76.3171, 263757, 437.09]
[26077, Kalamazoo, Kalamazoo County, MI, 42.2455, -85.5312, 262375, 561.66]
[47187, Williamson, Williamson County, TN, 35.8938, -86.8987, 260351, 582.6]
[29047, Clay, Clay County, MO, 39.3105, -94.4209, 258122, 397.3]
[6041, Marin, Marin County, CA, 38.0735, -122.7236, 257969, 520.31]
[53077, Yakima, Yakima County, WA, 46.4571, -120.7385, 257152, 4295.4]
[5143, Washington, Washington County, AR, 35.9791, -94.2156, 256765, 941.97]
[10005, Sussex, Sussex County, DE, 38.6606, -75.39, 255626, 936.08]
[48245, Jefferson, Jefferson County, TX, 29.8841, -94.1629, 253878, 876.3]
[17163, St. Clair, St. Clair County, IL, 38.4703, -89.9284, 253694, 657.76]
[51550, Chesapeake, Chesapeake City, VA, 36.6778, -76.3023, 252583, 340.8]
[37179, Union, Union County, NC, 34.9884, -80.5307, 250958, 631.52]
[16027, Canyon, Canyon County, ID, 43.6251, -116.7093, 250790, 587.37]
[39165, Warren, Warren County, OH, 39.4277, -84.1668, 250008, 401.31]
[13151, Henry, Henry County, GA, 33.453, -84.1542, 249960, 322.13]
[22055, Lafayette, Lafayette Parish, LA, 30.2068, -92.0639, 247997, 268.72]
[1003, Baldwin, Baldwin County, AL, 30.7277, -87.7226, 246989, 1589.78]
[45015, Berkeley, Berkeley County, SC, 33.1971, -79.9522, 246802, 1098.86]
[4025, Yavapai, Yavapai County, AZ, 34.5998, -112.5538, 245480, 8123.5]
[48041, Brazos, Brazos County, TX, 30.6608, -96.3024, 242311, 585.45]
[48423, Smith, Smith County, TX, 32.375, -95.2692, 241740, 921.45]
[36091, Saratoga, Saratoga County, NY, 43.1074, -73.8639, 238284, 809.98]
[1125, Tuscaloosa, Tuscaloosa County, AL, 33.2896, -87.5251, 237552, 1321.76]
[51013, Arlington, Arlington County, VA, 38.8786, -77.1011, 236254, 25.97]
[37025, Cabarrus, Cabarrus County, NC, 35.3868, -80.5519, 236133, 361.75]
[37129, New Hanover, New Hanover County, NC, 34.2329, -77.8848, 235229, 191.53]
[37071, Gaston, Gaston County, NC, 35.2944, -81.1803, 234881, 356.03]
[37101, Johnston, Johnston County, NC, 35.5178, -78.3657, 234263, 791.3]
[47125, Montgomery, Montgomery County, TN, 36.4969, -87.3828, 234153, 539.18]
[51710, Norfolk, Norfolk City, VA, 36.8947, -76.257, 233596, 54.12]
[39085, Lake, Lake County, OH, 41.6963, -81.2372, 232216, 227.49]
[25001, Barnstable, Barnstable County, MA, 41.7244, -70.2903, 231668, 393.72]
[53073, Whatcom, Whatcom County, WA, 48.8259, -121.7199, 230503, 2106.86]
[1117, Shelby, Shelby County, AL, 33.2643, -86.6607, 230211, 784.93]
[22017, Caddo, Caddo Parish, LA, 32.5806, -93.8823, 230004, 878.54]
[19113, Linn, Linn County, IA, 42.079, -91.599, 230004, 716.88]
[29099, Jefferson, Jefferson County, MO, 38.261, -90.5377, 229458, 656.63]
[51760, Richmond, Richmond City, VA, 37.5294, -77.4756, 229359, 59.81]
[36065, Oneida, Oneida County, NY, 43.2418, -75.4358, 229124, 1212.43]
[12019, Clay, Clay County, FL, 29.9831, -81.8579, 227584, 604.36]
[39041, Delaware, Delaware County, OH, 40.2784, -83.0049, 226834, 443.1]
[1101, Montgomery, Montgomery County, AL, 32.2203, -86.2076, 226718, 784.25]
[39099, Mahoning, Mahoning County, OH, 41.0146, -80.7763, 226491, 411.62]
[35013, Dona Ana, Doña Ana County, NM, 32.3526, -106.8328, 224266, 3807.51]
[41029, Jackson, Jackson County, OR, 42.4322, -122.7285, 222645, 2783.55]
[6113, Yolo, Yolo County, CA, 38.6866, -121.9011, 220564, 1014.69]
[4015, Mohave, Mohave County, AZ, 35.7041, -113.7579, 220517, 13311.08]
[28049, Hinds, Hinds County, MS, 32.2667, -90.4429, 218533, 869.74]
[23031, York, York County, ME, 43.4782, -70.7144, 216731, 990.71]
[12091, Okaloosa, Okaloosa County, FL, 30.6913, -86.5917, 216599, 930.25]
[42069, Lackawanna, Lackawanna County, PA, 41.4367, -75.6092, 216146, 459.08]
[48139, Ellis, Ellis County, TX, 32.3484, -96.7947, 213160, 935.49]
[53005, Benton, Benton County, WA, 46.2398, -119.5112, 212905, 1700.38]
[13139, Hall, Hall County, GA, 34.3171, -83.8196, 212705, 392.78]
[4027, Yuma, Yuma County, AZ, 32.7695, -113.9056, 211741, 5513.99]
[39025, Clermont, Clermont County, OH, 39.0476, -84.1517, 211181, 452.1]
[28047, Harrison, Harrison County, MS, 30.5122, -89.116, 210891, 573.99]
[36063, Niagara, Niagara County, NY, 43.2001, -78.7452, 210721, 522.36]
[45007, Anderson, Anderson County, SC, 34.5193, -82.6378, 210478, 715.43]
[42125, Washington, Washington County, PA, 40.1894, -80.2483, 210042, 856.99]
[17019, Champaign, Champaign County, IL, 40.1401, -88.1992, 208741, 996.27]
[6007, Butte, Butte County, CA, 39.6669, -121.6007, 207929, 1636.46]
[37133, Onslow, Onslow County, NC, 34.7322, -77.4322, 207906, 762.74]
[18039, Elkhart, Elkhart County, IN, 41.5974, -85.8587, 207132, 463.17]
[22019, Calcasieu, Calcasieu Parish, LA, 30.2293, -93.3581, 207088, 1063.66]
[12053, Hernando, Hernando County, FL, 28.5537, -82.424, 207018, 472.54]
[41017, Deschutes, Deschutes County, OR, 43.915, -121.2281, 206334, 3018.19]
[13245, Richmond, Richmond County, GA, 33.3596, -82.0736, 206069, 324.33]
[15001, Hawaii, Hawaii County, HI, 19.5984, -155.5183, 205769, 4028.42]
[47165, Sumner, Sumner County, TN, 36.469, -86.4606, 204424, 529.45]
[13215, Muscogee, Muscogee County, GA, 32.51, -84.8771, 203711, 216.39]
[46099, Minnehaha, Minnehaha County, SD, 43.6742, -96.7915, 203289, 807.15]
[12015, Charlotte, Charlotte County, FL, 26.9058, -81.9114, 201064, 680.28]
[39155, Trumbull, Trumbull County, OH, 41.317, -80.7613, 200929, 618.3]
[27137, St. Louis, St. Louis County, MN, 47.6032, -92.4707, 200123, 6247.4]
[12113, Santa Rosa, Santa Rosa County, FL, 30.7004, -87.0219, 198472, 1011.61]
[55101, Racine, Racine County, WI, 42.7475, -88.0613, 197532, 332.5]
[31153, Sarpy, Sarpy County, NE, 41.1129, -96.112, 197389, 238.99]
[36007, Broome, Broome County, NY, 42.1602, -75.8196, 197378, 705.77]
[42019, Butler, Butler County, PA, 40.912, -79.9133, 197254, 788.6]
[37097, Iredell, Iredell County, NC, 35.8071, -80.8734, 196544, 573.83]
[49053, Washington, Washington County, UT, 37.2804, -113.5047, 196431, 2426.36]
[26093, Livingston, Livingston County, MI, 42.6029, -83.9115, 195833, 565.25]
[48251, Johnson, Johnson County, TX, 32.379, -97.3666, 195597, 724.69]
[45013, Beaufort, Beaufort County, SC, 32.3857, -80.7306, 195289, 576.28]
[17167, Sangamon, Sangamon County, IL, 39.7582, -89.6589, 194947, 868.3]
[38017, Cass, Cass County, ND, 46.933, -97.248, 193400, 1764.94]
[55087, Outagamie, Outagamie County, WI, 44.4161, -88.4649, 192826, 637.52]
[6017, El Dorado, El Dorado County, CA, 38.7787, -120.5247, 192662, 1707.88]
[28033, DeSoto, DeSoto County, MS, 34.8753, -89.9912, 191301, 476.15]
[18157, Tippecanoe, Tippecanoe County, IN, 40.3886, -86.8941, 189071, 499.81]
[26145, Saginaw, Saginaw County, MI, 43.335, -84.0532, 188665, 800.11]
[29019, Boone, Boone County, MO, 38.9906, -92.3097, 188043, 685.41]
[10001, Kent, Kent County, DE, 39.086, -75.5686, 187604, 586.18]
[12005, Bay, Bay County, FL, 30.2652, -85.6203, 186393, 758.46]
[51700, Newport News, Newport News City, VA, 37.105, -76.5181, 184216, 68.71]
[48091, Comal, Comal County, TX, 29.8082, -98.2783, 183826, 559.48]
[39103, Medina, Medina County, OH, 41.1176, -81.8997, 183660, 421.36]
[48187, Guadalupe, Guadalupe County, TX, 29.5831, -97.9486, 183642, 711.3]
[18063, Hendricks, Hendricks County, IN, 39.7695, -86.51, 183344, 406.91]
[36111, Ulster, Ulster County, NY, 41.8881, -74.2586, 182601, 1124.24]
[16055, Kootenai, Kootenai County, ID, 47.6744, -116.7018, 181996, 1244.13]
[39089, Licking, Licking County, OH, 40.0916, -82.4831, 181837, 682.5]
[6089, Shasta, Shasta County, CA, 40.7637, -122.0405, 181436, 3775.4]
[1081, Lee, Lee County, AL, 32.6011, -85.3555, 181134, 607.54]
[6025, Imperial, Imperial County, CA, 33.0395, -115.3653, 180202, 4176.6]
[18163, Vanderburgh, Vanderburgh County, IN, 38.0249, -87.5859, 180117, 233.48]
[17143, Peoria, Peoria County, IL, 40.788, -89.76, 179645, 619.21]
[13223, Paulding, Paulding County, GA, 33.9205, -84.8673, 178909, 312.22]
[20177, Shawnee, Shawnee County, KS, 39.0415, -95.7565, 178025, 544.02]
[37147, Pitt, Pitt County, NC, 35.5933, -77.3745, 177193, 651.98]
[37001, Alamance, Alamance County, NC, 36.0437, -79.3995, 176893, 423.94]
[54039, Kanawha, Kanawha County, WV, 38.3365, -81.5281, 176537, 901.59]
[26121, Muskegon, Muskegon County, MI, 43.2912, -86.152, 175961, 499.25]
[9130, Lower Connecticut River Valley, Lower Connecticut River Valley Planning Region, CT, 41.45, -72.5073, 175822, 369.3]
[24013, Carroll, Carroll County, MD, 39.5629, -77.0225, 175321, 447.6]
[18127, Porter, Porter County, IN, 41.4603, -87.0672, 174818, 418.15]
[48329, Midland, Midland County, TX, 31.8691, -102.0316, 174801, 900.3]
[19163, Scott, Scott County, IA, 41.6371, -90.6232, 174608, 458.09]
[45003, Aiken, Aiken County, SC, 33.5442, -81.6347, 174160, 1071.03]
[37057, Davidson, Davidson County, NC, 35.7933, -80.2127, 172954, 552.68]
[48257, Kaufman, Kaufman County, TX, 32.5993, -96.2878, 172604, 780.7]
[55139, Winnebago, Winnebago County, WI, 44.0689, -88.6446, 171769, 434.49]
[17113, McLean, McLean County, IL, 40.4909, -88.8473, 171556, 1183.38]
[44003, Kent, Kent County, RI, 41.6722, -71.5932, 171456, 168.53]
[21117, Kenton, Kenton County, KY, 38.9334, -84.5333, 171288, 160.25]
[24017, Charles, Charles County, MD, 38.5073, -76.9922, 170527, 457.75]
[50007, Chittenden, Chittenden County, VT, 44.4611, -73.0813, 169758, 536.58]
[39057, Greene, Greene County, OH, 39.6915, -83.8899, 169688, 413.73]
[13153, Houston, Houston County, GA, 32.459, -83.6662, 169649, 375.54]
[8101, Pueblo, Pueblo County, CO, 38.1735, -104.5127, 169356, 2386.1]
[40017, Canadian, Canadian County, OK, 35.5424, -97.9824, 168985, 896.63]
[30111, Yellowstone, Yellowstone County, MT, 45.9373, -108.2744, 168957, 2633.29]
[55059, Kenosha, Kenosha County, WI, 42.5769, -88.0424, 168438, 271.99]
[20209, Wyandotte, Wyandotte County, KS, 39.1146, -94.7646, 167654, 151.6]
[42089, Monroe, Monroe County, PA, 41.0581, -75.3395, 167515, 608.29]
[45035, Dorchester, Dorchester County, SC, 33.0794, -80.4068, 167201, 573.23]
[12061, Indian River, Indian River County, FL, 27.6943, -80.6064, 166936, 502.87]
[42007, Beaver, Beaver County, PA, 40.6823, -80.3493, 166324, 434.71]
[18081, Johnson, Johnson County, IN, 39.49, -86.1016, 166315, 320.43]
[48367, Parker, Parker County, TX, 32.7776, -97.8051, 165168, 903.48]
[48135, Ector, Ector County, TX, 31.8692, -102.5429, 164654, 897.69]
[15009, Maui, Maui County, HI, 20.8596, -156.565, 164522, 1161.52]
[27109, Olmsted, Olmsted County, MN, 44.0038, -92.4018, 164498, 653.35]
[55105, Rock, Rock County, WI, 42.6712, -89.0716, 164350, 718.14]
[37035, Catawba, Catawba County, NC, 35.662, -81.2151, 163573, 398.72]
[51179, Stafford, Stafford County, VA, 38.4207, -77.458, 163466, 268.96]
[39045, Fairfield, Fairfield County, OH, 39.7516, -82.6306, 163453, 504.41]
[12017, Citrus, Citrus County, FL, 28.8489, -82.4794, 162472, 581.7]
[13073, Columbia, Columbia County, GA, 33.5441, -82.2641, 162434, 290.09]
[12085, Martin, Martin County, FL, 27.0775, -80.4315, 162176, 543.46]
[25015, Hampshire, Hampshire County, MA, 42.3402, -72.6638, 162028, 527.26]
[39133, Portage, Portage County, OH, 41.1677, -81.1974, 161956, 487.38]
[6039, Madera, Madera County, CA, 37.218, -119.7627, 160940, 2137.07]
[27145, Stearns, Stearns County, MN, 45.5521, -94.6131, 160865, 1343.13]
[47163, Sullivan, Sullivan County, TN, 36.5129, -82.3042, 160624, 413.36]
[36093, Schenectady, Schenectady County, NY, 42.8181, -74.0586, 160369, 204.52]
[36083, Rensselaer, Rensselaer County, NY, 42.7111, -73.5097, 160332, 652.43]
[26147, St. Clair, St. Clair County, MI, 42.9341, -82.6806, 160221, 721.17]
[26075, Jackson, Jackson County, MI, 42.2485, -84.4234, 160060, 701.67]
[28121, Rankin, Rankin County, MS, 32.2641, -89.9458, 158854, 775.49]
[47189, Wilson, Wilson County, TN, 36.1547, -86.2973, 158805, 570.83]
[8077, Mesa, Mesa County, CO, 39.0183, -108.4664, 158601, 3328.97]
[42027, Centre, Centre County, PA, 40.9189, -77.8199, 158576, 1109.92]
[22073, Ouachita, Ouachita Parish, LA, 32.4784, -92.1549, 158480, 610.41]
[42055, Franklin, Franklin County, PA, 39.9274, -77.7213, 157379, 772.22]
[51510, Alexandria, Alexandria City, VA, 38.8185, -77.0861, 156976, 15.03]
[19103, Johnson, Johnson County, IA, 41.6715, -91.5881, 156639, 614.04]
[13021, Bibb, Bibb County, GA, 32.8065, -83.6974, 156578, 249.76]
[35049, Santa Fe, Santa Fe County, NM, 35.5069, -105.9763, 156105, 1909.41]
[33013, Merrimack, Merrimack County, NH, 43.2975, -71.6802, 155967, 934.12]
[24043, Washington, Washington County, MD, 39.6036, -77.814, 155709, 457.78]
[26115, Monroe, Monroe County, MI, 41.9291, -83.5394, 155505, 549.39]
[23019, Penobscot, Penobscot County, ME, 45.4006, -68.6495, 154710, 3397.36]
[27139, Scott, Scott County, MN, 44.6485, -93.5359, 154557, 356.48]
[35043, Sandoval, Sandoval County, NM, 35.6886, -106.8659, 153604, 3710.65]
[34011, Cumberland, Cumberland County, NJ, 39.3739, -75.1107, 153305, 483.7]
[6031, Kings, Kings County, CA, 36.0752, -119.8155, 153298, 1389.42]
[26021, Berrien, Berrien County, MI, 41.9547, -86.4123, 153288, 567.75]
[13077, Coweta, Coweta County, GA, 33.3533, -84.7634, 152852, 440.89]
[37019, Brunswick, Brunswick County, NC, 34.0715, -78.2383, 152568, 846.97]
[37159, Rowan, Rowan County, NC, 35.6394, -80.5247, 149875, 511.37]
[37135, Orange, Orange County, NC, 36.0611, -79.1207, 149678, 397.96]
[27171, Wright, Wright County, MN, 45.174, -93.963, 148269, 661.46]
[22063, Livingston, Livingston Parish, LA, 30.4401, -90.7279, 148115, 648.17]
[13097, Douglas, Douglas County, GA, 33.7019, -84.7679, 147888, 200.07]
[51177, Spotsylvania, Spotsylvania County, VA, 38.1851, -77.6561, 146603, 401.5]
[37151, Randolph, Randolph County, NC, 35.7103, -79.806, 146348, 782.52]
[48381, Randall, Randall County, TX, 34.9659, -101.897, 146070, 911.54]
[48441, Taylor, Taylor County, TX, 32.3015, -99.8901, 145863, 915.55]
[34037, Sussex, Sussex County, NJ, 41.1393, -74.6909, 145807, 519.01]
[28059, Jackson, Jackson County, MS, 30.5425, -88.6358, 145249, 722.75]
[4005, Coconino, Coconino County, AZ, 35.8387, -111.7705, 144508, 18618.89]
[42075, Lebanon, Lebanon County, PA, 40.3672, -76.4577, 144186, 361.83]
[42107, Schuylkill, Schuylkill County, PA, 40.7058, -76.216, 143558, 778.63]
[12119, Sumter, Sumter County, FL, 28.7048, -82.081, 143408, 546.93]
[48181, Grayson, Grayson County, TX, 33.6268, -96.6777, 143337, 932.8]
[17161, Rock Island, Rock Island County, IL, 41.4673, -90.5674, 142757, 427.64]
[18105, Monroe, Monroe County, IN, 39.1609, -86.5231, 140965, 394.51]
[21227, Warren, Warren County, KY, 36.9936, -86.4238, 140918, 541.6]
[49005, Cache, Cache County, UT, 41.7225, -111.7436, 140046, 1164.81]
[21015, Boone, Boone County, KY, 38.9699, -84.7278, 139841, 246.36]
[47009, Blount, Blount County, TN, 35.6872, -83.9255, 139333, 558.71]
[37085, Harnett, Harnett County, NC, 35.3689, -78.8693, 139150, 594.99]
[55073, Marathon, Marathon County, WI, 44.8983, -89.7591, 138403, 1544.98]
[55131, Washington, Washington County, WI, 43.3685, -88.2307, 137879, 430.7]
[17093, Kendall, Kendall County, IL, 41.5906, -88.4288, 137675, 320.34]
[51650, Hampton, Hampton City, VA, 37.0554, -76.3632, 137557, 51.41]
[45041, Florence, Florence County, SC, 34.0245, -79.703, 137117, 799.96]
[22105, Tangipahoa, Tangipahoa Parish, LA, 30.6266, -90.4057, 136738, 791.28]
[47179, Washington, Washington County, TN, 36.2933, -82.4974, 136261, 326.47]
[39023, Clark, Clark County, OH, 39.9167, -83.7844, 135158, 397.47]
[6055, Napa, Napa County, CA, 38.507, -122.3306, 134869, 748.36]
[45077, Pickens, Pickens County, SC, 34.8873, -82.7253, 134629, 496.41]
[6023, Humboldt, Humboldt County, CA, 40.6993, -123.8756, 134541, 3567.99]
[26025, Calhoun, Calhoun County, MI, 42.2465, -85.0056, 133778, 706.23]
[33017, Strafford, Strafford County, NH, 43.297, -71.0288, 132575, 368.98]
[39173, Wood, Wood County, OH, 41.3617, -83.623, 132064, 617.21]
[18095, Madison, Madison County, IN, 40.1616, -85.7194, 131900, 451.92]
[42021, Cambria, Cambria County, PA, 40.4951, -78.7134, 131538, 688.35]
[53057, Skagit, Skagit County, WA, 48.4795, -121.729, 131328, 1731.2]
[19013, Black Hawk, Black Hawk County, IA, 42.4701, -92.3088, 131049, 565.77]
[41043, Linn, Linn County, OR, 44.4887, -122.5343, 130706, 2290.13]
[44009, Washington, Washington County, RI, 41.4697, -71.6226, 130344, 329.24]
[22005, Ascension, Ascension Parish, LA, 30.2036, -90.9113, 130314, 289.98]
[17179, Tazewell, Tazewell County, IL, 40.5075, -89.5135, 130290, 648.97]
[34019, Hunterdon, Hunterdon County, NJ, 40.5673, -74.9122, 130160, 427.82]
[48485, Wichita, Wichita County, TX, 33.988, -98.7035, 129996, 627.78]
[22015, Bossier, Bossier Parish, LA, 32.6784, -93.6049, 129789, 840.06]
[13059, Clarke, Clarke County, GA, 33.9512, -83.3673, 129609, 119.2]
[16019, Bonneville, Bonneville County, ID, 43.3877, -111.6148, 129523, 1866.08]
[54003, Berkeley, Berkeley County, WV, 39.4641, -78.0275, 129514, 321.14]
[25003, Berkshire, Berkshire County, MA, 42.3707, -73.2063, 129430, 926.83]
[5131, Sebastian, Sebastian County, AR, 35.1989, -94.2743, 128900, 531.91]
[5045, Faulkner, Faulkner County, AR, 35.147, -92.332, 127717, 647.88]
[22079, Rapides, Rapides Parish, LA, 31.1986, -92.5332, 127527, 1317.96]
[5125, Saline, Saline County, AR, 34.6466, -92.6766, 127479, 723.6]
[23011, Kennebec, Kennebec County, ME, 44.4091, -69.7673, 126808, 867.52]
[12035, Flagler, Flagler County, FL, 29.4614, -81.3136, 126528, 485.46]
[42051, Fayette, Fayette County, PA, 39.9201, -79.6474, 125997, 790.34]
[4003, Cochise, Cochise County, AZ, 31.8796, -109.7512, 125566, 6165.69]
[36013, Chautauqua, Chautauqua County, NY, 42.2281, -79.3663, 125544, 1060.23]
[48183, Gregg, Gregg County, TX, 32.4805, -94.817, 125480, 273.3]
[39139, Richland, Richland County, OH, 40.7747, -82.5365, 125099, 495.27]
[13045, Carroll, Carroll County, GA, 33.5828, -85.0798, 124569, 499.08]
[1103, Morgan, Morgan County, AL, 34.4535, -86.8529, 124471, 579.34]
[29097, Jasper, Jasper County, MO, 37.2036, -94.3406, 124357, 638.49]
[18019, Clark, Clark County, IN, 38.4772, -85.7073, 124354, 372.86]
[30031, Gallatin, Gallatin County, MT, 45.5404, -111.1704, 124074, 2602.69]
[48397, Rockwall, Rockwall County, TX, 32.8978, -96.4079, 123617, 127.04]
[13113, Fayette, Fayette County, GA, 33.414, -84.4943, 122244, 194.34]
[40031, Comanche, Comanche County, OK, 34.6621, -98.4717, 121825, 1069.29]
[26005, Allegan, Allegan County, MI, 42.5913, -85.8883, 121456, 825.23]
[42013, Blair, Blair County, PA, 40.4811, -78.3483, 121277, 525.8]
[35045, San Juan, San Juan County, NM, 36.5085, -108.3206, 120942, 5513.07]
[30063, Missoula, Missoula County, MT, 47.0365, -113.9237, 120672, 2593.42]
[55063, La Crosse, La Crosse County, WI, 43.9066, -91.1152, 120488, 451.69]
[20045, Douglas, Douglas County, KS, 38.8847, -95.2926, 120302, 455.87]
[13185, Lowndes, Lowndes County, GA, 30.8338, -83.2677, 119965, 496.07]
[48451, Tom Green, Tom Green County, TX, 31.4044, -100.4621, 119577, 1521.97]
[37191, Wayne, Wayne County, NC, 35.364, -78.004, 118652, 553.09]
[37089, Henderson, Henderson County, NC, 35.3363, -82.48, 118484, 373.07]
[13217, Newton, Newton County, GA, 33.555, -83.8502, 118152, 272.16]
[55117, Sheboygan, Sheboygan County, WI, 43.7212, -87.9454, 117991, 511.27]
[36075, Oswego, Oswego County, NY, 43.4269, -76.1413, 117953, 951.65]
[37155, Robeson, Robeson County, NC, 34.6402, -79.1039, 116902, 949.22]
[39169, Wayne, Wayne County, OH, 40.8289, -81.888, 116588, 554.93]
[1015, Calhoun, Calhoun County, AL, 33.7714, -85.826, 116090, 605.87]
[48375, Potter, Potter County, TX, 35.4013, -101.8939, 115975, 908.37]
[24037, St. Mary's, St. Mary's County, MD, 38.3024, -76.6058, 115126, 357.18]
[36045, Jefferson, Jefferson County, NY, 44.0495, -75.9203, 115040, 1268.59]
[51003, Albemarle, Albemarle County, VA, 38.0229, -78.5567, 114919, 720.7]
[46103, Pennington, Pennington County, SD, 44.0037, -102.8238, 113512, 2776.55]
[42081, Lycoming, Lycoming County, PA, 41.3434, -77.0645, 113489, 1228.59]
[23001, Androscoggin, Androscoggin County, ME, 44.1658, -70.2065, 113423, 467.93]
[5031, Craighead, Craighead County, AR, 35.8308, -90.6328, 113249, 707.21]
[9160, Northwest Hills, Northwest Hills Planning Region, CT, 41.8469, -73.2212, 113216, 920.56]
[13015, Bartow, Bartow County, GA, 34.2377, -84.8403, 113113, 459.54]
[2170, Matanuska-Susitna, Matanuska-Susitna Borough, AK, 62.316, -149.5729, 112988, 24607.9]
[51085, Hanover, Hanover County, VA, 37.7601, -77.491, 112879, 468.54]
[36069, Ontario, Ontario County, NY, 42.8528, -77.2998, 112625, 644.07]
[53015, Cowlitz, Cowlitz County, WA, 46.1932, -122.681, 112360, 1140.13]
[18035, Delaware, Delaware County, IN, 40.2275, -85.3969, 112280, 392.12]
[41019, Douglas, Douglas County, OR, 43.2797, -123.1665, 112072, 5036.08]
[21093, Hardin, Hardin County, KY, 37.6979, -85.9634, 111942, 623.28]
[18091, LaPorte, LaPorte County, IN, 41.546, -86.74, 111917, 598.3]
[28089, Madison, Madison County, MS, 32.6347, -90.0337, 111647, 714.51]
[1083, Limestone, Limestone County, AL, 34.8101, -86.9814, 111233, 559.94]
[47011, Bradley, Bradley County, TN, 35.1541, -84.8596, 111065, 328.76]
[34041, Warren, Warren County, NJ, 40.8572, -74.9973, 110849, 356.92]
[29037, Cass, Cass County, MO, 38.647, -94.3549, 110773, 696.84]
[30029, Flathead, Flathead County, MT, 48.2951, -114.0497, 110695, 5087.66]
[29165, Platte, Platte County, MO, 39.3803, -94.7738, 110371, 420.19]
[39109, Miami, Miami County, OH, 40.0535, -84.2288, 110296, 406.58]
[27019, Carver, Carver County, MN, 44.8207, -93.8026, 110041, 354.33]
[42085, Mercer, Mercer County, PA, 41.3022, -80.2577, 109257, 672.58]
[26045, Eaton, Eaton County, MI, 42.5961, -84.8383, 109130, 575.18]
[48231, Hunt, Hunt County, TX, 33.1236, -96.0855, 108972, 840.32]
[41071, Yamhill, Yamhill County, OR, 45.2326, -123.3081, 108734, 715.86]
[17099, LaSalle, LaSalle County, IL, 41.344, -88.8859, 108714, 1135.12]
[4017, Navajo, Navajo County, AZ, 35.3996, -110.3214, 108415, 9950.42]
[1069, Houston, Houston County, AL, 31.1532, -85.3025, 108140, 579.82]
[19049, Dallas, Dallas County, IA, 41.6849, -94.0398, 107968, 588.45]
[47119, Maury, Maury County, TN, 35.6169, -87.077, 107791, 613.14]
[36089, St. Lawrence, St. Lawrence County, NY, 44.4964, -75.0691, 107226, 2680.38]
[54061, Monongalia, Monongalia County, WV, 39.6303, -80.0466, 107163, 360.06]
[55035, Eau Claire, Eau Claire County, WI, 44.7268, -91.286, 107116, 637.98]
[17091, Kankakee, Kankakee County, IL, 41.1377, -87.8618, 106635, 676.56]
[48021, Bastrop, Bastrop County, TX, 30.1036, -97.312, 106582, 888.15]
[19193, Woodbury, Woodbury County, IA, 42.3897, -96.0448, 106247, 872.83]
[22109, Terrebonne, Terrebonne Parish, LA, 29.4148, -90.8663, 106186, 1231.82]
[42001, Adams, Adams County, PA, 39.8715, -77.2179, 106115, 518.67]
[18167, Vigo, Vigo County, IN, 39.4306, -87.39, 106109, 403.31]
[29071, Franklin, Franklin County, MO, 38.4111, -91.075, 105950, 922.68]
[12055, Highlands, Highlands County, FL, 27.3433, -81.341, 105702, 1016.62]
[55127, Walworth, Walworth County, WI, 42.6685, -88.5419, 105657, 555.13]
[24015, Cecil, Cecil County, MD, 39.5712, -75.9407, 104960, 346.27]
[24045, Wicomico, Wicomico County, MD, 38.3733, -75.6208, 104914, 374.44]
[37125, Moore, Moore County, NC, 35.3106, -79.4814, 104876, 697.84]
[45085, Sumter, Sumter County, SC, 33.9162, -80.3822, 104725, 665.07]
[36109, Tompkins, Tompkins County, NY, 42.452, -76.4736, 104537, 474.65]
[45057, Lancaster, Lancaster County, SC, 34.6867, -80.7055, 104475, 549.16]
[55039, Fond du Lac, Fond du Lac County, WI, 43.7536, -88.4883, 104137, 719.55]
[21059, Daviess, Daviess County, KY, 37.7318, -87.0873, 103648, 458.35]
[13313, Whitfield, Whitfield County, GA, 34.8056, -84.9672, 103598, 290.46]
[48291, Liberty, Liberty County, TX, 30.1516, -94.8122, 103380, 1158.42]
[13297, Walton, Walton County, GA, 33.7816, -83.7339, 103313, 325.68]
[1055, Etowah, Etowah County, AL, 34.0453, -86.0348, 103105, 534.99]
[26017, Bay, Bay County, MI, 43.7075, -83.9924, 103008, 442.3]
[37049, Craven, Craven County, NC, 35.1249, -77.0939, 102612, 708.96]
[6057, Nevada, Nevada County, CA, 39.3013, -120.7689, 102481, 957.77]
[17115, Macon, Macon County, IL, 39.86, -88.9616, 101849, 580.69]
[53025, Grant, Grant County, WA, 47.2057, -119.4518, 101799, 2679.51]
[39003, Allen, Allen County, OH, 40.7715, -84.1058, 101348, 402.5]
[56021, Laramie, Laramie County, WY, 41.307, -104.6895, 101060, 2685.91]
[37045, Cleveland, Cleveland County, NC, 35.3341, -81.5555, 100991, 464.25]
[39029, Columbiana, Columbiana County, OH, 40.7684, -80.7772, 100704, 531.89]
[17037, DeKalb, DeKalb County, IL, 41.8935, -88.7703, 100703, 631.31]
[38015, Burleigh, Burleigh County, ND, 46.9775, -100.4687, 100600, 1632.65]
[27141, Sherburne, Sherburne County, MN, 45.444, -93.7748, 100560, 432.92]
[19169, Story, Story County, IA, 42.0362, -93.465, 100466, 572.82]
[5051, Garland, Garland County, AR, 34.5767, -93.1504, 100035, 677.78]
[1095, Marshall, Marshall County, AL, 34.367, -86.3066, 99748, 565.84]
[13115, Floyd, Floyd County, GA, 34.2632, -85.2143, 99693, 509.91]
[47155, Sevier, Sevier County, TN, 35.7846, -83.5242, 99652, 592.5]
[47113, Madison, Madison County, TN, 35.6081, -88.8385, 99295, 557.12]
[51121, Montgomery, Montgomery County, VA, 37.1743, -80.3872, 99101, 387.01]
[19061, Dubuque, Dubuque County, IA, 42.4688, -90.8825, 99030, 608.31]
[53021, Franklin, Franklin County, WA, 46.5347, -118.899, 98902, 1242.17]
[6101, Sutter, Sutter County, CA, 39.0346, -121.6948, 98857, 602.41]
[51800, Suffolk, Suffolk City, VA, 36.6953, -76.6398, 98796, 400.17]
[40131, Rogers, Rogers County, OK, 36.3715, -95.6043, 98610, 675.63]
[26091, Lenawee, Lenawee County, MI, 41.8951, -84.0664, 98415, 749.56]
[51770, Roanoke, Roanoke City, VA, 37.2785, -79.958, 98355, 42.56]
[36079, Putnam, Putnam County, NY, 41.4267, -73.7495, 98107, 230.31]
[12089, Nassau, Nassau County, FL, 30.6107, -81.8019, 97859, 648.64]
[51740, Portsmouth, Portsmouth City, VA, 36.8453, -76.3554, 97190, 33.65]
[39007, Ashtabula, Ashtabula County, OH, 41.7072, -80.7482, 97167, 701.93]
[51161, Roanoke, Roanoke County, VA, 37.2693, -80.068, 97023, 250.52]
[9150, Northeastern Connecticut, Northeastern Connecticut Planning Region, CT, 41.827, -71.9769, 96312, 512.91]
[41003, Benton, Benton County, OR, 44.4918, -123.4293, 96303, 675.94]
[22057, Lafourche, Lafourche Parish, LA, 29.5662, -90.4256, 96252, 1068.21]
[37127, Nash, Nash County, NC, 35.9673, -77.9864, 96216, 540.41]
[26055, Grand Traverse, Grand Traverse County, MI, 44.6687, -85.5605, 96166, 464.33]
[55109, St. Croix, St. Croix County, WI, 45.034, -92.4526, 96033, 722.33]
[1077, Lauderdale, Lauderdale County, AL, 34.9014, -87.654, 95830, 667.7]
[21151, Madison, Madison County, KY, 37.7202, -84.278, 95769, 437.29]
[39055, Geauga, Geauga County, OH, 41.4996, -81.1786, 95481, 400.16]
[2090, Fairbanks North Star, Fairbanks North Star Borough, AK, 64.8078, -146.5654, 95460, 7338.21]
[13247, Rockdale, Rockdale County, GA, 33.6542, -84.0266, 95281, 129.79]
[51069, Frederick, Frederick County, VA, 39.2046, -78.2626, 95008, 413.5]
[34009, Cape May, Cape May County, NJ, 39.1494, -74.8005, 94941, 251.43]
[24009, Calvert, Calvert County, MD, 38.5434, -76.5687, 94313, 213.15]
[1115, St. Clair, St. Clair County, AL, 33.7157, -86.3146, 94166, 631.9]
[16083, Twin Falls, Twin Falls County, ID, 42.356, -114.6672, 93734, 1921.21]
[21037, Campbell, Campbell County, KY, 38.9465, -84.3795, 93426, 151.31]
[19155, Pottawattamie, Pottawattamie County, IA, 41.3366, -95.5423, 93424, 950.28]
[55089, Ozaukee, Ozaukee County, WI, 43.384, -87.9509, 92966, 233.08]
[29043, Christian, Christian County, MO, 36.9696, -93.1889, 92915, 562.65]
[54011, Cabell, Cabell County, WV, 38.4203, -82.2417, 92739, 281.02]
[37109, Lincoln, Lincoln County, NC, 35.4856, -81.2235, 92716, 297.94]
[36101, Steuben, Steuben County, NY, 42.2678, -77.3838, 92588, 1390.56]
[39157, Tuscarawas, Tuscarawas County, OH, 40.4409, -81.4737, 92385, 567.64]
[37157, Rockingham, Rockingham County, NC, 36.396, -79.775, 92131, 565.55]
[33009, Grafton, Grafton County, NH, 43.9407, -71.8208, 92120, 1708.75]
[48037, Bowie, Bowie County, TX, 33.4458, -94.4234, 92115, 885.01]
[48469, Victoria, Victoria County, TX, 28.7964, -96.9715, 91413, 882.14]
[36117, Wayne, Wayne County, NY, 43.1566, -77.0294, 90929, 603.83]
[1043, Cullman, Cullman County, AL, 34.1319, -86.8676, 90566, 734.84]
[42097, Northumberland, Northumberland County, PA, 40.852, -76.7095, 90560, 458.37]
[6045, Mendocino, Mendocino County, CA, 39.4402, -123.3915, 90244, 3506.34]
[13013, Barrow, Barrow County, GA, 33.9932, -83.7127, 89886, 160.31]
[41053, Polk, Polk County, OR, 44.9035, -123.4132, 89662, 740.79]
[1051, Elmore, Elmore County, AL, 32.5966, -86.1492, 89526, 618.49]
[16005, Bannock, Bannock County, ID, 42.6685, -112.2246, 89454, 1111.99]
[26087, Lapeer, Lapeer County, MI, 43.0901, -83.2218, 88837, 643.01]
[55027, Dodge, Dodge County, WI, 43.4163, -88.7075, 88742, 875.63]
[41033, Josephine, Josephine County, OR, 42.3655, -123.5555, 88179, 1639.67]
[37023, Burke, Burke County, NC, 35.7496, -81.7048, 87795, 507.1]
[48005, Angelina, Angelina County, TX, 31.2548, -94.6119, 87275, 797.78]
[53029, Island, Island County, WA, 48.163, -122.5481, 86836, 208.45]
[40145, Wagoner, Wagoner County, OK, 35.9611, -95.5212, 86609, 561.56]
[39119, Muskingum, Muskingum County, OH, 39.9654, -81.9444, 86411, 664.58]
[55055, Jefferson, Jefferson County, WI, 43.0208, -88.7759, 86003, 556.47]
[51165, Rockingham, Rockingham County, VA, 38.512, -78.8757, 85600, 849.09]
[13127, Glynn, Glynn County, GA, 31.2309, -81.5407, 85447, 419.75]
[48361, Orange, Orange County, TX, 30.1213, -93.8939, 85307, 333.67]
[53041, Lewis, Lewis County, WA, 46.5778, -122.3927, 85154, 2402.8]
[42073, Lawrence, Lawrence County, PA, 40.9912, -80.3347, 85024, 358.18]
[48213, Henderson, Henderson County, TX, 32.2119, -95.8536, 84862, 873.75]
[13157, Jackson, Jackson County, GA, 34.134, -83.5665, 84757, 339.66]
[48099, Coryell, Coryell County, TX, 31.3909, -97.7993, 84748, 1052.07]
[44005, Newport, Newport County, RI, 41.5568, -71.2363, 84657, 102.39]
[30013, Cascade, Cascade County, MT, 47.3079, -111.347, 84606, 2698.16]
[6115, Yuba, Yuba County, CA, 39.269, -121.3513, 84507, 631.84]
[18059, Hancock, Hancock County, IN, 39.8236, -85.7733, 84037, 306.02]
[21029, Bullitt, Bullitt County, KY, 37.9701, -85.6959, 84027, 297.02]
[26111, Midland, Midland County, MI, 43.6468, -84.3881, 83757, 516.25]
[18067, Howard, Howard County, IN, 40.4836, -86.1169, 83752, 293.06]
[29021, Buchanan, Buchanan County, MO, 39.6598, -94.8059, 83568, 408.03]
[18005, Bartholomew, Bartholomew County, IN, 39.206, -85.8976, 83536, 406.91]
[54107, Wood, Wood County, WV, 39.2112, -81.515, 83407, 366.26]
[45075, Orangeburg, Orangeburg County, SC, 33.439, -80.8003, 83253, 1106.1]
[20103, Leavenworth, Leavenworth County, KS, 39.1993, -95.038, 83123, 462.83]
[13095, Dougherty, Dougherty County, GA, 31.5335, -84.2164, 83091, 328.69]
[42063, Indiana, Indiana County, PA, 40.652, -79.0876, 83042, 827.03]
[28081, Lee, Lee County, MS, 34.2899, -88.6804, 83034, 449.95]
[40119, Payne, Payne County, OK, 36.0773, -96.9756, 82972, 684.7]
[12131, Walton, Walton County, FL, 30.6436, -86.1697, 82948, 1037.63]
[29031, Cape Girardeau, Cape Girardeau County, MO, 37.384, -89.6845, 82735, 578.54]
[42039, Crawford, Crawford County, PA, 41.6847, -80.1062, 82716, 1012.3]
[13031, Bulloch, Bulloch County, GA, 32.3968, -81.7432, 82683, 672.81]
[47141, Putnam, Putnam County, TN, 36.1408, -85.4952, 82558, 401.1]
[36015, Chemung, Chemung County, NY, 42.1413, -76.76, 82147, 407.35]
[12087, Monroe, Monroe County, FL, 25.3191, -81.1089, 81860, 983.28]
[22097, St. Landry, St. Landry Parish, LA, 30.5989, -92.0058, 81670, 923.88]
[55071, Manitowoc, Manitowoc County, WI, 44.12, -87.8097, 81406, 589.08]
[1121, Talladega, Talladega County, AL, 33.3801, -86.1659, 81021, 736.78]
[51095, James City, James City County, VA, 37.3289, -76.7789, 81013, 142.44]
[18043, Floyd, Floyd County, IN, 38.3187, -85.907, 80918, 147.94]
[51019, Bedford, Bedford County, VA, 37.3152, -79.5242, 80894, 753.02]
[37027, Caldwell, Caldwell County, NC, 35.953, -81.5464, 80536, 471.57]
[45073, Oconee, Oconee County, SC, 34.7535, -83.0659, 80469, 626.33]
[18085, Kosciusko, Kosciusko County, IN, 41.2441, -85.8607, 80442, 531.38]
[48471, Walker, Walker County, TX, 30.739, -95.5723, 80209, 784.17]
[53007, Chelan, Chelan County, WA, 47.8692, -120.619, 80172, 2920.53]
[37037, Chatham, Chatham County, NC, 35.7026, -79.2554, 80151, 682.19]
[56025, Natrona, Natrona County, WY, 42.9622, -106.7986, 79977, 5340.35]
[41059, Umatilla, Umatilla County, OR, 45.5919, -118.7369, 79940, 3215.51]
[36105, Sullivan, Sullivan County, NY, 41.7164, -74.7681, 79721, 968.13]
[26037, Clinton, Clinton County, MI, 42.9437, -84.6015, 79626, 566.41]
[51680, Lynchburg, Lynchburg City, VA, 37.4004, -79.1908, 79497, 49.13]
[49045, Tooele, Tooele County, UT, 40.4487, -113.1311, 79347, 6941.35]
[37195, Wilson, Wilson County, NC, 35.7051, -77.9187, 79290, 368.17]
[47001, Anderson, Anderson County, TN, 36.1185, -84.1985, 79153, 337.16]
[42033, Clearfield, Clearfield County, PA, 41.0, -78.4742, 78635, 1144.72]
[36019, Clinton, Clinton County, NY, 44.7462, -73.6782, 78493, 1037.85]
[35061, Valencia, Valencia County, NM, 34.7155, -106.8091, 78458, 1066.18]
[28035, Forrest, Forrest County, MS, 31.1889, -89.2579, 78272, 466.31]
[51015, Augusta, Augusta County, VA, 38.1644, -79.1338, 78033, 967.0]
[5145, White, White County, AR, 35.2563, -91.7456, 77838, 1035.08]
[53009, Clallam, Clallam County, WA, 48.0493, -123.9308, 77813, 1738.33]
[33005, Cheshire, Cheshire County, NH, 42.9193, -72.2512, 77297, 706.66]
[53027, Grays Harbor, Grays Harbor County, WA, 47.1503, -123.7735, 77053, 1902.03]
[29051, Cole, Cole County, MO, 38.5054, -92.2816, 77032, 393.75]
[39141, Ross, Ross County, OH, 39.3376, -83.057, 76492, 689.19]
[8014, Broomfield, Broomfield County, CO, 39.9541, -105.0527, 76304, 33.03]
[36009, Cattaraugus, Cattaraugus County, NY, 42.2486, -78.6788, 76145, 1308.35]
[26159, Van Buren, Van Buren County, MI, 42.2513, -86.0188, 75795, 607.47]
[47147, Robertson, Robertson County, TN, 36.5255, -86.8706, 75539, 476.29]
[5085, Lonoke, Lonoke County, AR, 34.7543, -91.8888, 75272, 770.73]
[12107, Putnam, Putnam County, FL, 29.6087, -81.7443, 75164, 727.62]
[36011, Cayuga, Cayuga County, NY, 42.9175, -76.5545, 75102, 691.58]
[48497, Wise, Wise County, TX, 33.2159, -97.6545, 75005, 904.42]
[39063, Hancock, Hancock County, OH, 41.0019, -83.6665, 74866, 531.36]
[18011, Boone, Boone County, IN, 40.0508, -86.4687, 74718, 422.91]
[39043, Erie, Erie County, OH, 41.3641, -82.6194, 74581, 251.56]
[51061, Fauquier, Fauquier County, VA, 38.7386, -77.8092, 74577, 647.45]
[37069, Franklin, Franklin County, NC, 36.0827, -78.2857, 74386, 491.68]
[55141, Wood, Wood County, WI, 44.4553, -90.0416, 74004, 793.12]
[35025, Lea, Lea County, NM, 32.7921, -103.4125, 73733, 4390.93]
[15007, Kauai, Kauai County, HI, 22.04, -159.5961, 73731, 619.96]
[30049, Lewis and Clark, Lewis and Clark County, MT, 47.1224, -112.3905, 73464, 3458.83]
[40125, Pottawatomie, Pottawatomie County, OK, 35.2066, -96.9484, 73463, 787.67]
[54081, Raleigh, Raleigh County, WV, 37.7713, -81.2487, 73195, 605.35]
[38035, Grand Forks, Grand Forks County, ND, 47.9219, -97.4569, 72923, 1436.38]
[40037, Creek, Creek County, OK, 35.9026, -96.3709, 72830, 950.14]
[42111, Somerset, Somerset County, PA, 39.9725, -79.0283, 72799, 1074.37]
[18109, Morgan, Morgan County, IN, 39.4816, -86.4462, 72659, 403.97]
[39145, Scioto, Scioto County, OH, 38.8039, -82.9929, 72627, 610.21]
[17183, Vermilion, Vermilion County, IL, 40.1834, -87.7328, 72386, 898.37]
[1049, DeKalb, DeKalb County, AL, 34.4598, -85.8041, 72269, 777.09]
[21047, Christian, Christian County, KY, 36.8941, -87.4904, 72069, 717.5]
[20161, Riley, Riley County, KS, 39.2966, -96.7352, 71946, 609.77]
[12023, Columbia, Columbia County, FL, 30.2242, -82.6215, 71789, 797.57]
[47059, Greene, Greene County, TN, 36.1753, -82.8458, 71628, 622.17]
[28075, Lauderdale, Lauderdale County, MS, 32.4043, -88.6626, 71504, 703.63]
[37171, Surry, Surry County, NC, 36.4146, -80.688, 71425, 532.17]
[51199, York, York County, VA, 37.2431, -76.5635, 71005, 104.78]
[25011, Franklin, Franklin County, MA, 42.5831, -72.5918, 70944, 699.32]
[55097, Portage, Portage County, WI, 44.476, -89.5014, 70832, 800.68]
[46083, Lincoln, Lincoln County, SD, 43.2789, -96.7218, 70638, 577.28]
[35031, McKinley, McKinley County, NM, 35.5807, -108.2618, 70431, 5449.81]
[13285, Troup, Troup County, GA, 33.0335, -85.0284, 70330, 413.99]
[41035, Klamath, Klamath County, OR, 42.6864, -121.6501, 70247, 5941.05]
[48409, San Patricio, San Patricio County, TX, 28.0092, -97.5188, 70181, 693.45]
[48203, Harrison, Harrison County, TX, 32.5481, -94.3715, 70155, 899.95]
[27013, Blue Earth, Blue Earth County, MN, 44.0346, -94.067, 69871, 747.84]
[45047, Greenwood, Greenwood County, SC, 34.1537, -82.1259, 69489, 454.73]
[21185, Oldham, Oldham County, KY, 38.3994, -85.4483, 69257, 187.22]
[37031, Carteret, Carteret County, NC, 34.8357, -76.6589, 69148, 506.25]
[13103, Effingham, Effingham County, GA, 32.3674, -81.3414, 69143, 477.7]
[38101, Ward, Ward County, ND, 48.2217, -101.5418, 68973, 2013.28]
[13255, Spalding, Spalding County, GA, 33.2609, -84.2841, 68892, 196.47]
[35035, Otero, Otero County, NM, 32.6132, -105.7414, 68816, 6613.21]
[13295, Walker, Walker County, GA, 34.7356, -85.301, 68762, 446.38]
[45059, Laurens, Laurens County, SC, 34.4834, -82.0057, 68666, 713.8]
[13047, Catoosa, Catoosa County, GA, 34.9036, -85.1382, 68634, 162.16]
[22045, Iberia, Iberia Parish, LA, 29.8967, -91.7308, 68599, 574.11]
[45055, Kershaw, Kershaw County, SC, 34.3388, -80.5902, 68314, 726.56]
[20015, Butler, Butler County, KS, 37.7813, -96.8391, 68287, 1429.86]
[6033, Lake, Lake County, CA, 39.1, -122.7534, 68152, 1256.46]
[26155, Shiawassee, Shiawassee County, MI, 42.9537, -84.1467, 67991, 530.67]
[53045, Mason, Mason County, WA, 47.3483, -123.193, 67982, 959.42]
[27131, Rice, Rice County, MN, 44.3543, -93.2967, 67917, 495.68]
[26117, Montcalm, Montcalm County, MI, 43.311, -85.1525, 67816, 705.4]
[27035, Crow Wing, Crow Wing County, MN, 46.4824, -94.0709, 67686, 999.1]
[21145, McCracken, McCracken County, KY, 37.054, -88.7128, 67564, 248.74]
[24001, Allegany, Allegany County, MD, 39.6214, -78.6976, 67452, 424.16]
[13179, Liberty, Liberty County, GA, 31.8282, -81.4949, 67397, 489.8]
[36053, Madison, Madison County, NY, 42.9128, -75.6696, 67328, 654.84]
[39159, Union, Union County, OH, 40.2994, -83.3716, 67324, 431.73]
[6069, San Benito, San Benito County, CA, 36.6057, -121.075, 67290, 1388.71]
[26103, Marquette, Marquette County, MI, 46.4313, -87.6416, 67112, 1808.4]
[23003, Aroostook, Aroostook County, ME, 46.6589, -68.5989, 67058, 6671.33]
[29187, St. Francois, St. Francois County, MO, 37.8103, -90.4722, 66999, 451.89]
[17199, Williamson, Williamson County, IL, 37.7303, -88.9299, 66876, 420.15]
[55017, Chippewa, Chippewa County, WI, 45.0694, -91.2799, 66799, 1008.37]
[26067, Ionia, Ionia County, MI, 42.9451, -85.0746, 66574, 571.3]
[28067, Jones, Jones County, MS, 31.6225, -89.1688, 66472, 694.8]
[40101, Muskogee, Muskogee County, OK, 35.6162, -95.3795, 66444, 810.45]
[18177, Wayne, Wayne County, IN, 39.8644, -85.0099, 66397, 401.74]
[18053, Grant, Grant County, IN, 40.5158, -85.6547, 66295, 414.07]
[48427, Starr, Starr County, TX, 26.5621, -98.7387, 66067, 1223.18]
[27027, Clay, Clay County, MN, 46.8923, -96.4906, 66059, 1045.37]
[55111, Sauk, Sauk County, WI, 43.4267, -89.9482, 66009, 830.9]
[37193, Wilkes, Wilkes County, NC, 36.2062, -81.163, 65935, 754.28]
[21199, Pulaski, Pulaski County, KY, 37.1039, -84.5772, 65897, 658.41]
[48221, Hood, Hood County, TX, 32.4299, -97.8323, 65894, 420.64]
[37105, Lee, Lee County, NC, 35.4752, -79.1715, 65816, 254.96]
[28073, Lamar, Lamar County, MS, 31.206, -89.5087, 65713, 497.06]
[47063, Hamblen, Hamblen County, TN, 36.2171, -83.2667, 65669, 161.18]
[37141, Pender, Pender County, NC, 34.5249, -77.9052, 65550, 869.8]
[36113, Warren, Warren County, NY, 43.561, -73.846, 65517, 866.95]
[39013, Belmont, Belmont County, OH, 40.0158, -80.9885, 65473, 532.13]
[42025, Carbon, Carbon County, PA, 40.9182, -75.7089, 65382, 381.46]
[42037, Columbia, Columbia County, PA, 41.0486, -76.4052, 65362, 483.11]
[4001, Apache, Apache County, AZ, 35.3955, -109.4888, 65341, 11197.52]
[34033, Salem, Salem County, NJ, 39.5876, -75.3491, 65275, 331.9]
[18173, Warrick, Warrick County, IN, 38.0922, -87.2721, 65261, 384.82]
[6103, Tehama, Tehama County, CA, 40.1256, -122.2341, 65167, 2949.71]
[48347, Nacogdoches, Nacogdoches County, TX, 31.616, -94.6159, 65162, 946.54]
[39101, Marion, Marion County, OH, 40.5872, -83.1609, 65020, 403.76]
[54033, Harrison, Harrison County, WV, 39.2835, -80.3799, 64984, 416.01]
[37161, Rutherford, Rutherford County, NC, 35.4026, -81.9198, 64930, 564.15]
[1127, Walker, Walker County, AL, 33.8033, -87.2973, 64841, 791.19]
[41011, Coos, Coos County, OR, 43.1742, -124.0594, 64827, 1596.17]
[45043, Georgetown, Georgetown County, SC, 33.4343, -79.3327, 64811, 813.55]
[5069, Jefferson, Jefferson County, AR, 34.2683, -91.9304, 64802, 870.75]
[17001, Adams, Adams County, IL, 39.9879, -91.1885, 64754, 855.2]
[33001, Belknap, Belknap County, NH, 43.5179, -71.4227, 64659, 400.23]
[37167, Stanly, Stanly County, NC, 35.3119, -80.251, 64651, 395.09]
[42005, Armstrong, Armstrong County, PA, 40.8121, -79.4646, 64622, 653.2]
[26073, Isabella, Isabella County, MI, 43.6406, -84.8468, 64565, 572.68]
[39081, Jefferson, Jefferson County, OH, 40.385, -80.761, 64518, 408.33]
[35005, Chaves, Chaves County, NM, 33.3633, -104.4669, 64217, 6065.28]
[5115, Pope, Pope County, AR, 35.4479, -93.0345, 64131, 812.55]
[47035, Cumberland, Cumberland County, TN, 35.9504, -84.9984, 63553, 681.03]
[26015, Barry, Barry County, MI, 42.595, -85.309, 63409, 553.09]
[39083, Knox, Knox County, OH, 40.3988, -82.4215, 63142, 525.49]
[29113, Lincoln, Lincoln County, MO, 39.058, -90.96, 63057, 626.56]
[21125, Laurel, Laurel County, KY, 37.1107, -84.1178, 62983, 433.95]
[37087, Haywood, Haywood County, NC, 35.556, -82.9822, 62662, 553.69]
[48467, Van Zandt, Van Zandt County, TX, 32.5637, -95.8365, 62649, 842.56]
[45031, Darlington, Darlington County, SC, 34.3325, -79.9577, 62558, 561.15]
[31079, Hall, Hall County, NE, 40.8726, -98.5022, 62536, 546.29]
[8045, Garfield, Garfield County, CO, 39.5993, -107.904, 62479, 2947.56]
[49021, Iron, Iron County, UT, 37.8592, -113.2895, 62252, 3296.68]
[53071, Walla Walla, Walla Walla County, WA, 46.2298, -118.4784, 62161, 1270.13]
[40047, Garfield, Garfield County, OK, 36.3791, -97.7827, 62146, 1058.47]
[39009, Athens, Athens County, OH, 39.3339, -82.0452, 61737, 503.6]
[32019, Lyon, Lyon County, NV, 39.0206, -119.189, 61680, 2001.19]
[47167, Tipton, Tipton County, TN, 35.4973, -89.7566, 61553, 458.37]
[20155, Reno, Reno County, KS, 37.953, -98.086, 61553, 1255.35]
[48473, Waller, Waller County, TX, 30.0108, -95.9876, 61552, 513.43]
[36051, Livingston, Livingston County, NY, 42.728, -77.7755, 61498, 631.76]
[49003, Box Elder, Box Elder County, UT, 41.521, -113.0821, 61246, 5745.55]
[5033, Crawford, Crawford County, AR, 35.5881, -94.2428, 61139, 593.09]
[35015, Eddy, Eddy County, NM, 32.4714, -104.3044, 61105, 4175.73]
[36021, Columbia, Columbia County, NY, 42.2501, -73.6318, 61100, 634.71]
[26149, St. Joseph, St. Joseph County, MI, 41.9144, -85.5278, 60969, 500.59]
[37077, Granville, Granville County, NC, 36.304, -78.6527, 60877, 531.57]
[42103, Pike, Pike County, PA, 41.332, -75.0338, 60621, 544.96]
[36115, Washington, Washington County, NY, 43.3137, -73.4308, 60522, 831.18]
[27111, Otter Tail, Otter Tail County, MN, 46.4088, -95.708, 60475, 1972.07]
[50021, Rutland, Rutland County, VT, 43.5801, -73.0363, 60425, 929.82]
[2122, Kenai Peninsula, Kenai Peninsula Borough, AK, 60.2654, -151.5651, 60413, 16075.33]
[39129, Pickaway, Pickaway County, OH, 39.6419, -83.0244, 60131, 501.32]
[29145, Newton, Newton County, MO, 36.9055, -94.3393, 60118, 624.77]
[36077, Otsego, Otsego County, NY, 42.6338, -75.0326, 60108, 1001.7]
[50023, Washington, Washington County, VT, 44.2736, -72.6147, 60017, 687.23]
[1001, Autauga, Autauga County, AL, 32.5349, -86.6427, 59947, 594.44]
[42015, Bradford, Bradford County, PA, 41.7887, -76.5154, 59858, 1147.4]
[51143, Pittsylvania, Pittsylvania County, VA, 36.8213, -79.3971, 59856, 968.94]
[36043, Herkimer, Herkimer County, NY, 43.4193, -74.9624, 59757, 1411.47]
[47031, Coffee, Coffee County, TN, 35.4906, -86.0748, 59710, 428.96]
[21209, Scott, Scott County, KY, 38.2916, -84.5839, 59536, 281.77]
[1009, Blount, Blount County, AL, 33.9809, -86.5674, 59518, 644.78]
[37163, Sampson, Sampson County, NC, 34.9916, -78.3714, 59470, 944.74]
[54037, Jefferson, Jefferson County, WV, 39.3076, -77.8628, 59260, 209.64]
[23017, Oxford, Oxford County, ME, 44.4999, -70.7566, 59255, 2076.84]
[13129, Gordon, Gordon County, GA, 34.5032, -84.8759, 59100, 355.81]
[39167, Washington, Washington County, OH, 39.4553, -81.4953, 58978, 631.97]
[1113, Russell, Russell County, AL, 32.2884, -85.1849, 58811, 641.14]
[39143, Sandusky, Sandusky County, OH, 41.3562, -83.1464, 58778, 408.45]
[47105, Loudon, Loudon County, TN, 35.7348, -84.3119, 58580, 229.22]
[54055, Mercer, Mercer County, WV, 37.4055, -81.1114, 58563, 418.99]
[48001, Anderson, Anderson County, TX, 31.8133, -95.6525, 58439, 1062.6]
[32510, Carson City, Carson City, NV, 39.1511, -119.7476, 58384, 144.66]
[28071, Lafayette, Lafayette County, MS, 34.3568, -89.485, 58327, 631.71]
[39077, Huron, Huron County, OH, 41.1463, -82.598, 58319, 491.5]
[55021, Columbia, Columbia County, WI, 43.4666, -89.3337, 58272, 765.53]
[48323, Maverick, Maverick County, TX, 28.7426, -100.3145, 58082, 1279.26]
[1033, Colbert, Colbert County, AL, 34.7005, -87.8049, 58022, 592.62]
[27025, Chisago, Chisago County, MN, 45.5025, -92.9083, 57991, 414.86]
[50027, Windsor, Windsor County, VT, 43.5799, -72.5862, 57990, 969.34]
[47073, Hawkins, Hawkins County, TN, 36.4412, -82.9447, 57964, 486.98]
[28087, Lowndes, Lowndes County, MS, 33.4729, -88.4433, 57838, 505.51]
[36037, Genesee, Genesee County, NY, 43.0009, -78.1937, 57787, 492.94]
[48199, Hardin, Hardin County, TX, 30.3324, -94.3902, 57642, 890.57]
[28109, Pearl River, Pearl River County, MS, 30.7688, -89.5896, 57458, 810.86]
[54079, Putnam, Putnam County, WV, 38.5086, -81.909, 57177, 345.67]
[22113, Vermilion, Vermilion Parish, LA, 29.8465, -92.3242, 57123, 1173.2]
[13039, Camden, Camden County, GA, 30.9306, -81.6699, 56970, 613.03]
[22001, Acadia, Acadia Parish, LA, 30.2906, -92.412, 56955, 655.12]
[47089, Jefferson, Jefferson County, TN, 36.051, -83.4463, 56864, 274.08]
[39087, Lawrence, Lawrence County, OH, 38.5984, -82.5368, 56819, 453.37]
[21195, Pike, Pike County, KY, 37.4691, -82.3958, 56727, 786.83]
[47019, Carter, Carter County, TN, 36.2928, -82.1275, 56712, 341.2]
[45021, Cherokee, Cherokee County, SC, 35.0481, -81.6206, 56647, 392.66]
[40051, Grady, Grady County, OK, 35.0169, -97.8841, 56606, 1100.5]
[29213, Taney, Taney County, MO, 36.6548, -93.0411, 56529, 632.44]
[23009, Hancock, Hancock County, ME, 44.6647, -68.3584, 56460, 1586.89]
[8067, La Plata, La Plata County, CO, 37.2866, -107.8433, 56331, 1692.08]
[47043, Dickson, Dickson County, TN, 36.149, -87.3567, 55983, 489.9]
[54049, Marion, Marion County, WV, 39.51, -80.2434, 55909, 308.74]
[51031, Campbell, Campbell County, VA, 37.2054, -79.0966, 55312, 503.87]
[47145, Roane, Roane County, TN, 35.8479, -84.5232, 55208, 360.71]
[8037, Eagle, Eagle County, CO, 39.6278, -106.6953, 55135, 1684.53]
[51067, Franklin, Franklin County, VA, 36.992, -79.8811, 55130, 690.43]
[37189, Watauga, Watauga County, NC, 36.2311, -81.6964, 55123, 312.56]
[17195, Whiteside, Whiteside County, IL, 41.7562, -89.9141, 54947, 684.25]
[1031, Coffee, Coffee County, AL, 31.4027, -85.9882, 54920, 678.97]
[37107, Lenoir, Lenoir County, NC, 35.2388, -77.6413, 54919, 400.59]
[47107, McMinn, McMinn County, TN, 35.4247, -84.6175, 54884, 430.13]
[39147, Seneca, Seneca County, OH, 41.1239, -83.1277, 54770, 551.02]
[29101, Johnson, Johnson County, MO, 38.7441, -93.8064, 54732, 829.28]
[48349, Navarro, Navarro County, TX, 32.047, -96.4725, 54711, 1009.63]
[16065, Madison, Madison County, ID, 43.7841, -111.6592, 54618, 469.21]
[21113, Jessamine, Jessamine County, KY, 37.872, -84.5809, 54588, 172.12]
[6109, Tuolumne, Tuolumne County, CA, 38.0276, -119.9548, 54498, 2220.88]
[19181, Warren, Warren County, IA, 41.3343, -93.5615, 54409, 569.83]
[51047, Culpeper, Culpeper County, VA, 38.486, -77.9558, 54397, 379.23]
[32023, Nye, Nye County, NV, 38.0423, -116.4719, 54344, 18181.92]
[32007, Elko, Elko County, NV, 41.1457, -115.3577, 54047, 17169.83]
[51191, Washington, Washington County, VA, 36.7244, -81.9598, 53926, 560.98]
[29169, Pulaski, Pulaski County, MO, 37.8246, -92.2076, 53894, 547.1]
[37093, Hoke, Hoke County, NC, 35.0175, -79.2373, 53835, 390.74]
[4007, Gila, Gila County, AZ, 33.7997, -110.8116, 53795, 4757.93]
[24047, Worcester, Worcester County, MD, 38.2128, -75.334, 53700, 468.28]
[20169, Saline, Saline County, KS, 38.7838, -97.65, 53668, 720.23]
[48325, Medina, Medina County, TX, 29.3557, -99.1101, 53547, 1325.36]
[41009, Columbia, Columbia County, OR, 45.9438, -123.0883, 53493, 657.36]
[48265, Kerr, Kerr County, TX, 30.0615, -99.35, 53489, 1103.32]
[40147, Washington, Washington County, OK, 36.7152, -95.9044, 53326, 415.45]
[17007, Boone, Boone County, IL, 42.3231, -88.8234, 53230, 280.72]
[17063, Grundy, Grundy County, IL, 41.2851, -88.4185, 53219, 418.04]
[17077, Jackson, Jackson County, IL, 37.7851, -89.3821, 53064, 584.08]
[1071, Jackson, Jackson County, AL, 34.7795, -85.9993, 53053, 1077.87]
[26157, Tuscola, Tuscola County, MI, 43.4641, -83.4167, 52980, 803.13]
[55015, Calumet, Calumet County, WI, 44.0816, -88.2181, 52942, 318.24]
[48401, Rusk, Rusk County, TX, 32.1077, -94.7618, 52842, 924.03]
[48373, Polk, Polk County, TX, 30.7927, -94.83, 52800, 1057.09]
[48493, Wilson, Wilson County, TX, 29.174, -98.0866, 52781, 803.73]
[48053, Burnet, Burnet County, TX, 30.7884, -98.1823, 52652, 994.26]
[36035, Fulton, Fulton County, NY, 43.1138, -74.4222, 52487, 495.47]
[39005, Ashland, Ashland County, OH, 40.846, -82.2707, 52256, 422.95]
[47003, Bedford, Bedford County, TN, 35.5138, -86.4589, 52237, 473.64]
[40083, Logan, Logan County, OK, 35.9193, -97.4433, 51938, 743.83]
[48073, Cherokee, Cherokee County, TX, 31.837, -95.1652, 51886, 1052.91]
[21073, Franklin, Franklin County, KY, 38.2391, -84.8771, 51842, 207.75]
[24035, Queen Anne's, Queen Anne's County, MD, 39.068, -76.02, 51825, 371.91]
[33003, Carroll, Carroll County, NH, 43.8738, -71.2031, 51804, 931.06]
[28105, Oktibbeha, Oktibbeha County, MS, 33.425, -88.8793, 51771, 458.2]
[55043, Grant, Grant County, WI, 42.8675, -90.7062, 51770, 1146.85]
[39037, Darke, Darke County, OH, 40.1332, -84.6193, 51594, 598.1]
[55135, Waupaca, Waupaca County, WI, 44.4705, -88.9648, 51569, 747.71]
[26027, Cass, Cass County, MI, 41.9154, -85.9935, 51520, 490.06]
[48071, Chambers, Chambers County, TX, 29.7384, -94.61, 51498, 597.14]
[17141, Ogle, Ogle County, IL, 42.0426, -89.3207, 51495, 758.57]
[22089, St. Charles, St. Charles Parish, LA, 29.9055, -90.3582, 51396, 279.08]
[51660, Harrisonburg, Harrisonburg City, VA, 38.4362, -78.8735, 51392, 17.42]
[22099, St. Martin, St. Martin Parish, LA, 30.1291, -91.6083, 51353, 737.65]
[42127, Wayne, Wayne County, PA, 41.6487, -75.3033, 51262, 725.6]
[18029, Dearborn, Dearborn County, IN, 39.1452, -84.9732, 51094, 305.03]
[16017, Bonner, Bonner County, ID, 48.3, -116.6011, 51049, 1734.57]
[48013, Atascosa, Atascosa County, TX, 28.8935, -98.5272, 51008, 1219.54]
[41041, Lincoln, Lincoln County, OR, 44.642, -123.8682, 50964, 979.77]
[23025, Somerset, Somerset County, ME, 45.5139, -69.9589, 50959, 3924.4]
[47053, Gibson, Gibson County, TN, 35.9966, -88.9326, 50869, 602.74]
[26123, Newaygo, Newaygo County, MI, 43.5542, -85.8009, 50792, 813.2]
[48277, Lamar, Lamar County, TX, 33.6673, -95.5712, 50669, 907.19]
[50011, Franklin, Franklin County, VT, 44.8576, -72.9131, 50638, 633.71]
[31019, Buffalo, Buffalo County, NE, 40.8552, -99.075, 50579, 968.11]
[44001, Bristol, Bristol County, RI, 41.7173, -71.284, 50490, 24.16]
[37047, Columbus, Columbus County, NC, 34.2657, -78.655, 50140, 937.29]
[51089, Henry, Henry County, VA, 36.6828, -79.874, 49980, 382.33]
[42121, Venango, Venango County, PA, 41.401, -79.758, 49801, 674.28]
[13175, Laurens, Laurens County, GA, 32.4636, -82.9222, 49798, 807.3]
[27169, Winona, Winona County, MN, 43.9869, -91.7792, 49779, 626.21]
[16011, Bingham, Bingham County, ID, 43.2166, -112.3981, 49664, 2093.98]
[8043, Fremont, Fremont County, CO, 38.4731, -105.4395, 49634, 1533.07]
[32005, Douglas, Douglas County, NV, 38.9123, -119.6162, 49623, 709.72]
[1045, Dale, Dale County, AL, 31.4318, -85.611, 49599, 561.15]
[36057, Montgomery, Montgomery County, NY, 42.9023, -74.4397, 49528, 403.04]
[37061, Duplin, Duplin County, NC, 34.9365, -77.933, 49335, 816.22]
[21211, Shelby, Shelby County, KY, 38.2155, -85.1948, 49096, 379.64]
[40079, Le Flore, Le Flore County, OK, 34.9003, -94.7034, 49053, 1589.21]
[17095, Knox, Knox County, IL, 40.9318, -90.2132, 49046, 716.4]
[18065, Henry, Henry County, IN, 39.9311, -85.3964, 48970, 391.88]
[4023, Santa Cruz, Santa Cruz County, AZ, 31.5259, -110.8465, 48926, 1236.92]
[37065, Edgecombe, Edgecombe County, NC, 35.9129, -77.5971, 48736, 505.34]
[48055, Caldwell, Caldwell County, TX, 29.8368, -97.6199, 48669, 545.26]
[17073, Henry, Henry County, IL, 41.3531, -90.1314, 48643, 822.99]
[48259, Kendall, Kendall County, TX, 29.9447, -98.7115, 48567, 662.45]
[40019, Carter, Carter County, OK, 34.2509, -97.2858, 48555, 822.18]
[13029, Bryan, Bryan County, GA, 32.0145, -81.4436, 48263, 435.97]
[40013, Bryan, Bryan County, OK, 33.9623, -96.2598, 48253, 904.47]
[12063, Jackson, Jackson County, FL, 30.7954, -85.2155, 48250, 917.76]
[22061, Lincoln, Lincoln Parish, LA, 32.6016, -92.6649, 48174, 471.74]
[53065, Stevens, Stevens County, WA, 48.3991, -117.8552, 48067, 2477.77]
[27049, Goodhue, Goodhue County, MN, 44.4097, -92.7229, 47943, 756.84]
[40021, Cherokee, Cherokee County, OK, 35.9067, -94.9997, 47942, 749.41]
[39149, Shelby, Shelby County, OH, 40.3316, -84.2048, 47929, 407.68]
[21019, Boyd, Boyd County, KY, 38.3596, -82.6878, 47911, 159.86]
[36107, Tioga, Tioga County, NY, 42.1703, -76.3063, 47864, 518.6]
[22101, St. Mary, St. Mary Parish, LA, 29.7207, -91.4486, 47828, 555.38]
[13137, Habersham, Habersham County, GA, 34.631, -83.5311, 47793, 276.74]
[48465, Val Verde, Val Verde County, TX, 29.8929, -101.1517, 47741, 3144.75]
[47123, Monroe, Monroe County, TN, 35.4427, -84.2527, 47695, 635.57]
[37083, Halifax, Halifax County, NC, 36.2574, -77.6517, 47675, 724.09]
[35009, Curry, Curry County, NM, 34.5742, -103.347, 47638, 1404.8]
[21179, Nelson, Nelson County, KY, 37.8052, -85.466, 47606, 417.51]
[42009, Bedford, Bedford County, PA, 40.0065, -78.4903, 47513, 1012.3]
[18113, Noble, Noble County, IN, 41.3986, -85.4175, 47495, 410.84]
[36039, Greene, Greene County, NY, 42.2765, -74.1227, 47409, 647.16]
[5035, Crittenden, Crittenden County, AR, 35.2057, -90.3078, 47266, 609.76]
[56005, Campbell, Campbell County, WY, 44.2482, -105.5482, 47240, 4802.71]
[53037, Kittitas, Kittitas County, WA, 47.1244, -120.6799, 47172, 2297.27]
[36003, Allegany, Allegany County, NY, 42.2574, -78.0276, 47159, 1029.31]
[22115, Vernon, Vernon Parish, LA, 31.1083, -93.1843, 47117, 1327.91]
[53075, Whitman, Whitman County, WA, 46.9012, -117.523, 47003, 2159.09]
[48499, Wood, Wood County, TX, 32.7864, -95.3821, 46961, 645.23]
[55005, Barron, Barron County, WI, 45.4237, -91.8483, 46797, 862.71]
[17029, Coles, Coles County, IL, 39.5203, -88.2217, 46777, 508.29]
[30081, Ravalli, Ravalli County, MT, 46.0817, -114.1207, 46727, 2390.82]
[36033, Franklin, Franklin County, NY, 44.5929, -74.3038, 46696, 1629.12]
[18071, Jackson, Jackson County, IN, 38.9064, -86.0375, 46660, 509.31]
[27007, Beltrami, Beltrami County, MN, 47.9738, -94.9376, 46512, 2504.94]
[5055, Greene, Greene County, AR, 36.1176, -90.5591, 46432, 577.7]
[36017, Chenango, Chenango County, NY, 42.4935, -75.6116, 46321, 893.55]
[18099, Marshall, Marshall County, IN, 41.3248, -86.2618, 46284, 443.63]
[19045, Clinton, Clinton County, IA, 41.898, -90.532, 46268, 694.92]
[6009, Calaveras, Calaveras County, CA, 38.2046, -120.5541, 46248, 1020.01]
[36023, Cortland, Cortland County, NY, 42.595, -76.0703, 46246, 498.76]
[42099, Perry, Perry County, PA, 40.3984, -77.2623, 46239, 551.45]
[13071, Colquitt, Colquitt County, GA, 31.1884, -83.7688, 46224, 544.15]
[55081, Monroe, Monroe County, WI, 43.9457, -90.6178, 46208, 900.78]
[28045, Hancock, Hancock County, MS, 30.4165, -89.489, 46167, 473.75]
[39011, Auglaize, Auglaize County, OH, 40.5609, -84.2217, 46125, 401.39]
[39091, Logan, Logan County, OH, 40.3885, -83.7658, 46089, 458.43]
[42087, Mifflin, Mifflin County, PA, 40.6104, -77.617, 46041, 411.03]
[40113, Osage, Osage County, OK, 36.6292, -96.3985, 45997, 2246.36]
[1021, Chilton, Chilton County, AL, 32.8479, -86.7188, 45992, 692.85]
[50025, Windham, Windham County, VT, 42.9906, -72.7139, 45923, 785.31]
[13275, Thomas, Thomas County, GA, 30.8637, -83.9193, 45777, 544.6]
[26059, Hillsdale, Hillsdale County, MI, 41.8878, -84.5929, 45654, 598.13]
[55095, Polk, Polk County, WI, 45.4614, -92.4414, 45555, 913.96]
[55033, Dunn, Dunn County, WI, 44.9466, -91.8964, 45527, 850.11]
[51540, Charlottesville, Charlottesville City, VA, 38.0375, -78.4855, 45437, 10.24]
[12075, Levy, Levy County, FL, 29.3184, -82.7434, 45391, 1118.21]
[47099, Lawrence, Lawrence County, TN, 35.2174, -87.3956, 45385, 617.13]
[12121, Suwannee, Suwannee County, FL, 30.1956, -82.9915, 45342, 688.55]
[26023, Branch, Branch County, MI, 41.9161, -85.059, 45300, 506.37]
[27061, Itasca, Itasca County, MN, 47.5095, -93.6319, 45275, 2667.72]
[40087, McClain, McClain County, OK, 35.0093, -97.4443, 45273, 570.7]
[18145, Shelby, Shelby County, IN, 39.5237, -85.7917, 45265, 411.15]
[29161, Phelps, Phelps County, MO, 37.8772, -91.7923, 45194, 671.78]
[37169, Stokes, Stokes County, NC, 36.4019, -80.2397, 45139, 448.86]
[22117, Washington, Washington Parish, LA, 30.8533, -90.0405, 45120, 669.53]
[21107, Hopkins, Hopkins County, KY, 37.3088, -87.5408, 45119, 542.0]
[18093, Lawrence, Lawrence County, IN, 38.8412, -86.4834, 45102, 449.17]
[21009, Barren, Barren County, KY, 36.9656, -85.9337, 44938, 487.54]
[51171, Shenandoah, Shenandoah County, VA, 38.8583, -78.5709, 44925, 508.78]
[37111, McDowell, McDowell County, NC, 35.6817, -82.0493, 44817, 440.61]
[29027, Callaway, Callaway County, MO, 38.8355, -91.926, 44741, 834.58]
[37013, Beaufort, Beaufort County, NC, 35.494, -76.8598, 44499, 827.19]
[36025, Delaware, Delaware County, NY, 42.1981, -74.9665, 44487, 1442.44]
[39097, Madison, Madison County, OH, 39.8942, -83.4004, 44423, 465.88]
[22087, St. Bernard, St. Bernard Parish, LA, 29.8691, -89.5549, 44419, 377.52]
[39075, Holmes, Holmes County, OH, 40.5612, -81.9293, 44418, 422.53]
[53017, Douglas, Douglas County, WA, 47.7361, -119.6918, 44366, 1819.26]
[17117, Macoupin, Macoupin County, IL, 39.261, -89.9245, 44350, 862.91]
[21101, Henderson, Henderson County, KY, 37.7958, -87.5729, 44280, 436.67]
[55031, Douglas, Douglas County, WI, 46.4329, -91.9162, 44229, 1304.14]
[37059, Davie, Davie County, NC, 35.9291, -80.5445, 44122, 264.11]
[27067, Kandiyohi, Kandiyohi County, MN, 45.1524, -95.0047, 44079, 796.79]
[47051, Franklin, Franklin County, TN, 35.1556, -86.0937, 43990, 554.54]
[42065, Jefferson, Jefferson County, PA, 41.1282, -78.9994, 43864, 652.43]
[39015, Brown, Brown County, OH, 38.9338, -83.8673, 43845, 490.02]
[8085, Montrose, Montrose County, CO, 38.4022, -108.2692, 43807, 2240.7]
[18033, DeKalb, DeKalb County, IN, 41.3976, -84.9991, 43807, 362.82]
[48143, Erath, Erath County, TX, 32.2363, -98.2179, 43794, 1083.07]
[13233, Polk, Polk County, GA, 34.0018, -85.1881, 43785, 310.33]
[45025, Chesterfield, Chesterfield County, SC, 34.6398, -80.1587, 43784, 799.08]
[37099, Jackson, Jackson County, NC, 35.2876, -83.1408, 43771, 490.76]
[17177, Stephenson, Stephenson County, IL, 42.3518, -89.6623, 43768, 564.52]
[33019, Sullivan, Sullivan County, NH, 43.3613, -72.2221, 43715, 537.31]
[12039, Gadsden, Gadsden County, FL, 30.5795, -84.6137, 43710, 516.33]
[29029, Camden, Camden County, MO, 38.027, -92.766, 43667, 655.92]
[42061, Huntingdon, Huntingdon County, PA, 40.4169, -77.9812, 43653, 874.64]
[13009, Baldwin, Baldwin County, GA, 33.0693, -83.2496, 43642, 257.84]
[40071, Kay, Kay County, OK, 36.818, -97.1439, 43625, 919.73]
[18037, Dubois, Dubois County, IN, 38.3643, -86.8798, 43614, 427.27]
[40121, Pittsburg, Pittsburg County, OK, 34.9239, -95.7484, 43561, 1305.46]
[13219, Oconee, Oconee County, GA, 33.835, -83.4371, 43551, 184.29]
[40137, Stephens, Stephens County, OK, 34.4856, -97.8515, 43551, 870.24]
[39071, Highland, Highland County, OH, 39.1847, -83.601, 43517, 553.08]
[6093, Siskiyou, Siskiyou County, CA, 41.5927, -122.5404, 43466, 6277.89]
[53047, Okanogan, Okanogan County, WA, 48.5488, -119.7408, 43425, 5267.98]
[29159, Pettis, Pettis County, MO, 38.7283, -93.2851, 43397, 682.22]
[13069, Coffee, Coffee County, GA, 31.5493, -82.8492, 43347, 575.1]
[47047, Fayette, Fayette County, TN, 35.197, -89.4142, 43267, 704.79]
[51149, Prince George, Prince George County, VA, 37.1865, -77.2242, 43146, 265.16]
[48097, Cooke, Cooke County, TX, 33.6393, -97.2126, 43046, 874.76]
[28149, Warren, Warren County, MS, 32.3573, -90.852, 43020, 588.5]
[51683, Manassas, Manassas City, VA, 38.7479, -77.4839, 42976, 9.88]
[49043, Summit, Summit County, UT, 40.8683, -110.9557, 42970, 1871.71]
[28151, Washington, Washington County, MS, 33.2839, -90.9474, 42765, 724.74]
[16069, Nez Perce, Nez Perce County, ID, 46.3268, -116.7502, 42697, 848.09]
[19033, Cerro Gordo, Cerro Gordo County, IA, 43.0816, -93.2608, 42632, 568.31]
[27059, Isanti, Isanti County, MN, 45.5615, -93.2951, 42596, 435.79]
[55093, Pierce, Pierce County, WI, 44.7194, -92.4224, 42584, 573.75]
[48459, Upshur, Upshur County, TX, 32.7363, -94.9415, 42567, 582.95]
[19139, Muscatine, Muscatine County, IA, 41.4839, -91.1127, 42559, 437.47]
[39107, Mercer, Mercer County, OH, 40.54, -84.6294, 42484, 462.45]
[42119, Union, Union County, PA, 40.963, -77.0622, 42456, 315.98]
[5005, Baxter, Baxter County, AR, 36.2872, -92.3369, 42407, 554.28]
[12051, Hendry, Hendry County, FL, 26.5535, -81.1659, 42382, 1152.75]
[5091, Miller, Miller County, AR, 33.3124, -93.8921, 42360, 625.58]
[37153, Richmond, Richmond County, NC, 35.0059, -79.7479, 42344, 473.82]
[37181, Vance, Vance County, NC, 36.3649, -78.4079, 42322, 253.52]
[39051, Fulton, Fulton County, OH, 41.6018, -84.1301, 42240, 405.44]
[51590, Danville, Danville City, VA, 36.5831, -79.4087, 42214, 42.93]
[47177, Warren, Warren County, TN, 35.6787, -85.7785, 42166, 432.68]
[55075, Marinette, Marinette County, WI, 45.3834, -88.0337, 42046, 1399.35]
[29023, Butler, Butler County, MO, 36.7164, -90.4066, 42020, 694.67]
[39027, Clinton, Clinton County, OH, 39.4149, -83.8084, 42012, 408.68]
[47021, Cheatham, Cheatham County, TN, 36.2611, -87.0868, 41829, 302.44]
[48481, Wharton, Wharton County, TX, 29.2779, -96.2221, 41794, 1086.15]
[39033, Crawford, Crawford County, OH, 40.8508, -82.9198, 41711, 401.79]
[27009, Benton, Benton County, MN, 45.6991, -93.9988, 41593, 408.3]
[54069, Ohio, Ohio County, WV, 40.0969, -80.6189, 41582, 105.82]
[56037, Sweetwater, Sweetwater County, WY, 41.6595, -108.8796, 41542, 10426.65]
[51187, Warren, Warren County, VA, 38.9087, -78.2085, 41531, 213.47]
[13277, Tift, Tift County, GA, 31.4574, -83.5266, 41438, 258.92]
[6005, Amador, Amador County, CA, 38.4464, -120.6511, 41428, 594.58]
[26057, Gratiot, Gratiot County, MI, 43.2927, -84.6049, 41385, 568.46]
[41007, Clatsop, Clatsop County, OR, 45.995, -123.6557, 41363, 829.05]
[40041, Delaware, Delaware County, OK, 36.4082, -94.8026, 41279, 738.18]
[26107, Mecosta, Mecosta County, MI, 43.6408, -85.3246, 41242, 555.07]
[16057, Latah, Latah County, ID, 46.8162, -116.7117, 41049, 1076.0]
[55115, Shawano, Shawano County, WI, 44.7892, -88.7654, 41039, 893.06]
[23013, Knox, Knox County, ME, 44.141, -69.1687, 41003, 365.13]
[42117, Tioga, Tioga County, PA, 41.7722, -77.2543, 40945, 1133.79]
[1123, Tallapoosa, Tallapoosa County, AL, 32.8624, -85.7975, 40938, 716.52]
[37139, Pasquotank, Pasquotank County, NC, 36.2955, -76.2843, 40834, 226.88]
[12093, Okeechobee, Okeechobee County, FL, 27.3864, -80.8886, 40816, 768.91]
[18087, LaGrange, LaGrange County, IN, 41.6426, -85.4265, 40805, 379.62]
[39135, Preble, Preble County, OH, 39.7415, -84.648, 40765, 424.12]
[22095, St. John the Baptist, St. John the Baptist Parish, LA, 30.1264, -90.471, 40743, 213.07]
[13213, Murray, Murray County, GA, 34.7884, -84.7481, 40562, 344.47]
[29225, Webster, Webster County, MO, 37.2809, -92.8759, 40500, 592.56]
[26151, Sanilac, Sanilac County, MI, 43.4236, -82.8203, 40462, 962.57]
[29091, Howell, Howell County, MO, 36.774, -91.8865, 40383, 927.25]
[27099, Mower, Mower County, MN, 43.6715, -92.7525, 40343, 711.33]
[23027, Waldo, Waldo County, ME, 44.5026, -69.1453, 40192, 729.92]
[19127, Marshall, Marshall County, IA, 42.0358, -92.9988, 40114, 572.5]
[35039, Rio Arriba, Rio Arriba County, NM, 36.5096, -106.6931, 40070, 5860.84]
[39123, Ottawa, Ottawa County, OH, 41.5379, -83.1435, 39994, 254.92]
[51109, Louisa, Louisa County, VA, 37.9786, -77.963, 39980, 496.3]
[51093, Isle of Wight, Isle of Wight County, VA, 36.8912, -76.7259, 39974, 315.61]
[42083, McKean, McKean County, PA, 41.8076, -78.569, 39904, 979.2]
[40135, Sequoyah, Sequoyah County, OK, 35.4953, -94.7552, 39860, 673.27]
[18061, Harrison, Harrison County, IN, 38.1951, -86.1115, 39859, 484.52]
[47013, Campbell, Campbell County, TN, 36.4035, -84.1494, 39761, 480.19]
[36121, Wyoming, Wyoming County, NY, 42.7024, -78.2244, 39753, 592.75]
[42109, Snyder, Snyder County, PA, 40.7698, -77.0702, 39668, 328.71]
[51185, Tazewell, Tazewell County, VA, 37.125, -81.5606, 39624, 518.85]
[36073, Orleans, Orleans County, NY, 43.2521, -78.2312, 39608, 391.26]
[40097, Mayes, Mayes County, OK, 36.3019, -95.2307, 39604, 655.39]
[28113, Pike, Pike County, MS, 31.1749, -90.4042, 39602, 409.02]
[55083, Oconto, Oconto County, WI, 45.0264, -88.2697, 39589, 997.99]
[27041, Douglas, Douglas County, MN, 45.9338, -95.4535, 39575, 637.3]
[38105, Williams, Williams County, ND, 48.3437, -103.4802, 39555, 2077.4]
[37145, Person, Person County, NC, 36.39, -78.9718, 39542, 392.32]
[56013, Fremont, Fremont County, WY, 43.0405, -108.6304, 39533, 9183.81]
[51073, Gloucester, Gloucester County, VA, 37.416, -76.5434, 39526, 217.81]
[54019, Fayette, Fayette County, WV, 38.0287, -81.0812, 39519, 661.55]
[4009, Graham, Graham County, AZ, 32.9326, -109.8875, 39232, 4622.6]
[5093, Mississippi, Mississippi County, AR, 35.7624, -90.0522, 39126, 900.57]
[20037, Crawford, Crawford County, KS, 37.5073, -94.8518, 39008, 589.76]
[22009, Avoyelles, Avoyelles Parish, LA, 31.0763, -92.0014, 38905, 832.43]
[48249, Jim Wells, Jim Wells County, TX, 27.7314, -98.0899, 38850, 864.97]
[39021, Champaign, Champaign County, OH, 40.1377, -83.7696, 38804, 428.67]
[45029, Colleton, Colleton County, SC, 32.8638, -80.6671, 38783, 1056.49]
[29109, Lawrence, Lawrence County, MO, 37.1064, -93.833, 38593, 611.74]
[19057, Des Moines, Des Moines County, IA, 40.9232, -91.1815, 38487, 416.12]
[45071, Newberry, Newberry County, SC, 34.2898, -81.6001, 38435, 630.04]
[48049, Brown, Brown County, TX, 31.7742, -98.9998, 38347, 944.43]
[39039, Defiance, Defiance County, OH, 41.3239, -84.4905, 38343, 411.46]
[18107, Montgomery, Montgomery County, IN, 40.0404, -86.8933, 38312, 504.61]
[17203, Woodford, Woodford County, IL, 40.7883, -89.2113, 38312, 527.8]
[56001, Albany, Albany County, WY, 41.6545, -105.7238, 38249, 4273.84]
[40123, Pontotoc, Pontotoc County, OK, 34.728, -96.6844, 38235, 720.44]
[21035, Calloway, Calloway County, KY, 36.621, -88.2723, 38224, 385.02]
[39059, Guernsey, Guernsey County, OH, 40.052, -81.4943, 38223, 522.25]
[42115, Susquehanna, Susquehanna County, PA, 41.8214, -75.8007, 38219, 823.44]
[5063, Independence, Independence County, AR, 35.7416, -91.5697, 38175, 763.95]
[55085, Oneida, Oneida County, WI, 45.7055, -89.5218, 38167, 1112.97]
[54099, Wayne, Wayne County, WV, 38.1459, -82.427, 38164, 505.98]
[5009, Boone, Boone County, AR, 36.3086, -93.0915, 38138, 590.23]
[20055, Finney, Finney County, KS, 38.0443, -100.737, 38084, 1301.97]
[19099, Jasper, Jasper County, IA, 41.686, -93.0538, 37954, 730.42]
[37113, Macon, Macon County, NC, 35.1505, -83.4222, 37941, 515.56]
[29201, Scott, Scott County, MO, 37.053, -89.5686, 37933, 419.99]
[42123, Warren, Warren County, PA, 41.8145, -79.2741, 37920, 884.14]
[24041, Talbot, Talbot County, MD, 38.7714, -76.0971, 37917, 268.54]
[5139, Union, Union County, AR, 33.1713, -92.5972, 37900, 1039.21]
[46013, Brown, Brown County, SD, 45.5898, -98.3516, 37877, 1712.98]
[37055, Dare, Dare County, NC, 35.7824, -75.7988, 37875, 383.42]
[51137, Orange, Orange County, VA, 38.2461, -78.014, 37822, 340.78]
[42035, Clinton, Clinton County, PA, 41.234, -77.6385, 37798, 887.98]
[48223, Hopkins, Hopkins County, TX, 33.1496, -95.564, 37784, 767.17]
[26061, Houghton, Houghton County, MI, 46.8976, -88.6875, 37693, 1009.1]
[18017, Cass, Cass County, IN, 40.7615, -86.346, 37680, 412.16]
[50001, Addison, Addison County, VT, 44.0309, -73.1408, 37664, 766.33]
[1039, Covington, Covington County, AL, 31.2485, -86.4513, 37628, 1030.46]
[37197, Yadkin, Yadkin County, NC, 36.1605, -80.6652, 37574, 334.83]
[27147, Steele, Steele County, MN, 44.0223, -93.2261, 37439, 429.65]
[31053, Dodge, Dodge County, NE, 41.5779, -96.654, 37351, 528.71]
[48217, Hill, Hill County, TX, 31.9907, -97.1324, 37328, 958.86]
[48147, Fannin, Fannin County, TX, 33.5938, -96.1069, 37326, 890.84]
[17055, Franklin, Franklin County, IL, 37.9923, -88.9242, 37323, 408.89]
[23023, Sagadahoc, Sagadahoc County, ME, 43.9598, -69.8546, 37285, 253.7]
[18133, Putnam, Putnam County, IN, 39.6663, -86.845, 37280, 480.53]
[50003, Bennington, Bennington County, VT, 43.0354, -73.0932, 37269, 674.98]
[21049, Clark, Clark County, KY, 37.9708, -84.1474, 37192, 252.46]
[42031, Clarion, Clarion County, PA, 41.1924, -79.421, 37179, 600.83]
[29219, Warren, Warren County, MO, 38.7646, -91.1607, 37177, 428.6]
[49047, Uintah, Uintah County, UT, 40.1248, -109.5186, 37056, 4479.69]
[55045, Green, Green County, WI, 42.68, -89.6022, 37017, 583.96]
[17121, Marion, Marion County, IL, 38.6496, -88.919, 37000, 572.36]
[36031, Essex, Essex County, NY, 44.1172, -73.7726, 36973, 1794.23]
[17027, Clinton, Clinton County, IL, 38.6065, -89.4225, 36954, 474.09]
[21235, Whitley, Whitley County, KY, 36.7581, -84.1452, 36920, 437.83]
[40111, Okmulgee, Okmulgee County, OK, 35.6466, -95.9643, 36899, 697.35]
[19187, Webster, Webster County, IA, 42.4279, -94.1818, 36886, 715.62]
[1047, Dallas, Dallas County, AL, 32.326, -87.1065, 36858, 978.7]
[47029, Cocke, Cocke County, TN, 35.9254, -83.1212, 36813, 434.57]
[26041, Delta, Delta County, MI, 45.9193, -86.9241, 36813, 1171.1]
[18069, Huntington, Huntington County, IN, 40.8292, -85.4881, 36798, 382.65]
[27085, McLeod, McLeod County, MN, 44.8236, -94.2724, 36798, 491.47]
[39031, Coshocton, Coshocton County, OH, 40.3017, -81.9201, 36744, 563.91]
[39171, Williams, Williams County, OH, 41.5603, -84.5881, 36719, 420.97]
[22069, Natchitoches, Natchitoches Parish, LA, 31.7234, -93.0962, 36693, 1252.25]
[22011, Beauregard, Beauregard Parish, LA, 30.6486, -93.3432, 36676, 1157.34]
[48477, Washington, Washington County, TX, 30.2145, -96.4034, 36647, 603.95]
[49051, Wasatch, Wasatch County, UT, 40.3308, -111.1682, 36642, 1175.5]
[21083, Graves, Graves County, KY, 36.7231, -88.6512, 36630, 551.74]
[1053, Escambia, Escambia County, AL, 31.1261, -87.1615, 36629, 945.08]
[17081, Jefferson, Jefferson County, IL, 38.3005, -88.924, 36550, 571.17]
[27017, Carlton, Carlton County, MN, 46.5924, -92.677, 36518, 861.38]
[47045, Dyer, Dyer County, TN, 36.0592, -89.4137, 36508, 512.33]
[37003, Alexander, Alexander County, NC, 35.921, -81.177, 36412, 259.99]
[29105, Laclede, Laclede County, MO, 37.6583, -92.5903, 36390, 764.72]
[48321, Matagorda, Matagorda County, TX, 28.8212, -96.011, 36329, 1100.28]
[26033, Chippewa, Chippewa County, MI, 46.3053, -84.578, 36295, 1558.42]
[18001, Adams, Adams County, IN, 40.7457, -84.9367, 36227, 339.03]
[19167, Sioux, Sioux County, IA, 43.0826, -96.1779, 36212, 768.33]
[23015, Lincoln, Lincoln County, ME, 44.0665, -69.5434, 36099, 455.82]
[13145, Harris, Harris County, GA, 32.736, -84.9089, 36086, 463.87]
[47117, Marshall, Marshall County, TN, 35.4689, -86.765, 36049, 375.46]
[18083, Knox, Knox County, IN, 38.6891, -87.418, 36007, 516.03]
[13299, Ware, Ware County, GA, 31.0538, -82.4237, 35976, 892.46]
[47103, Lincoln, Lincoln County, TN, 35.1405, -86.589, 35946, 570.34]
[31157, Scotts Bluff, Scotts Bluff County, NE, 41.8506, -103.708, 35843, 739.4]
[22119, Webster, Webster Parish, LA, 32.7135, -93.335, 35820, 593.03]
[20061, Geary, Geary County, KS, 39.0024, -96.7525, 35815, 384.62]
[30093, Silver Bow, Silver Bow County, MT, 45.9024, -112.6567, 35785, 718.48]
[18103, Miami, Miami County, IN, 40.7695, -86.045, 35712, 373.84]
[17105, Livingston, Livingston County, IL, 40.8916, -88.5577, 35565, 1044.29]
[39127, Perry, Perry County, OH, 39.7371, -82.2361, 35535, 407.97]
[31119, Madison, Madison County, NE, 41.9167, -97.6008, 35532, 572.74]
[21089, Greenup, Greenup County, KY, 38.5457, -82.9223, 35501, 344.4]
[51195, Wise, Wise County, VA, 36.9752, -82.6212, 35448, 403.19]
[39117, Morrow, Morrow County, OH, 40.5241, -82.7941, 35404, 406.08]
[12129, Wakulla, Wakulla County, FL, 30.1673, -84.4007, 35387, 606.42]
[12027, DeSoto, DeSoto County, FL, 27.1863, -81.8095, 35386, 637.06]
[19179, Wapello, Wapello County, IA, 41.0306, -92.4095, 35362, 431.83]
[46011, Brookings, Brookings County, SD, 44.3697, -96.7904, 35353, 792.21]
[27005, Becker, Becker County, MN, 46.9346, -95.674, 35343, 1315.2]
[21071, Floyd, Floyd County, KY, 37.5571, -82.7457, 35224, 393.35]
[17133, Monroe, Monroe County, IL, 38.2785, -90.1773, 35036, 385.01]
[29009, Barry, Barry County, MO, 36.7099, -93.8291, 35033, 778.25]
[13227, Pickens, Pickens County, GA, 34.4643, -84.4656, 34951, 232.06]
[20121, Miami, Miami County, KS, 38.5635, -94.8381, 34938, 575.66]
[28085, Lincoln, Lincoln County, MS, 31.5324, -90.454, 34877, 586.12]
[42059, Greene, Greene County, PA, 39.8538, -80.2229, 34835, 575.95]
[55019, Clark, Clark County, WI, 44.7347, -90.6121, 34739, 1209.82]
[18151, Steuben, Steuben County, IN, 41.6439, -85.0008, 34726, 308.94]
[31141, Platte, Platte County, NE, 41.5713, -97.5211, 34716, 674.06]
[18183, Whitley, Whitley County, IN, 41.1394, -85.5051, 34618, 335.57]
[35055, Taos, Taos County, NM, 36.5783, -105.631, 34543, 2203.11]
[17049, Effingham, Effingham County, IL, 39.0598, -88.5899, 34522, 478.78]
[13187, Lumpkin, Lumpkin County, GA, 34.5722, -84.0027, 34505, 282.93]
[27103, Nicollet, Nicollet County, MN, 44.3499, -94.2475, 34411, 448.49]
[20035, Cowley, Cowley County, KS, 37.2377, -96.8375, 34411, 1125.75]
[39137, Putnam, Putnam County, OH, 41.0221, -84.1317, 34314, 482.52]
[28003, Alcorn, Alcorn County, MS, 34.8808, -88.5803, 34289, 400.04]
[27097, Morrison, Morrison County, MN, 46.0126, -94.2684, 34249, 1125.06]
[40081, Lincoln, Lincoln County, OK, 35.703, -96.8809, 34219, 952.31]
[1017, Chambers, Chambers County, AL, 32.9143, -85.392, 34192, 596.53]
[54077, Preston, Preston County, WV, 39.4693, -79.6682, 34160, 648.81]
[26047, Emmet, Emmet County, MI, 45.5202, -84.8904, 34125, 467.49]
[26165, Wexford, Wexford County, MI, 44.3383, -85.5785, 34077, 565.0]
[20057, Ford, Ford County, KS, 37.6917, -99.888, 34074, 1098.27]
[51023, Botetourt, Botetourt County, VA, 37.5571, -79.8123, 34004, 541.2]
[47143, Rhea, Rhea County, TN, 35.6087, -84.9244, 33992, 315.38]
[28093, Marshall, Marshall County, MS, 34.7623, -89.5031, 33979, 706.19]
[17103, Lee, Lee County, IL, 41.7461, -89.3003, 33869, 724.9]
[31111, Lincoln, Lincoln County, NE, 41.0477, -100.7453, 33802, 2564.07]
[38059, Morton, Morton County, ND, 46.7161, -101.2811, 33777, 1926.27]
[20079, Harvey, Harvey County, KS, 38.0432, -97.4272, 33756, 539.75]
[28095, Monroe, Monroe County, MS, 33.8923, -88.4805, 33747, 765.09]
[37175, Transylvania, Transylvania County, NC, 35.2021, -82.7982, 33691, 378.53]
[51155, Pulaski, Pulaski County, VA, 37.0636, -80.7144, 33687, 319.86]
[24011, Caroline, Caroline County, MD, 38.8717, -75.8316, 33669, 319.42]
[18027, Daviess, Daviess County, IN, 38.7024, -87.072, 33658, 429.49]
[19125, Marion, Marion County, IA, 41.3344, -93.0994, 33642, 554.53]
[51083, Halifax, Halifax County, VA, 36.7669, -78.9366, 33639, 817.84]
[13177, Lee, Lee County, GA, 31.7795, -84.1411, 33626, 355.78]
[37165, Scotland, Scotland County, NC, 34.8409, -79.4804, 33590, 318.85]
[53031, Jefferson, Jefferson County, WA, 47.7486, -123.5964, 33577, 1803.7]
[17021, Christian, Christian County, IL, 39.5458, -89.2773, 33538, 709.38]
[51730, Petersburg, Petersburg City, VA, 37.2043, -77.3913, 33537, 22.93]
[51001, Accomack, Accomack County, VA, 37.7644, -75.6334, 33335, 449.5]
[38089, Stark, Stark County, ND, 46.8107, -102.6551, 33302, 1334.74]
[1079, Lawrence, Lawrence County, AL, 34.5217, -87.311, 33276, 690.68]
[18073, Jasper, Jasper County, IN, 41.023, -87.1161, 33234, 559.63]
[5059, Hot Spring, Hot Spring County, AR, 34.3177, -92.9461, 33180, 615.2]
[16051, Jefferson, Jefferson County, ID, 43.8201, -112.3113, 33154, 1093.5]
[29107, Lafayette, Lafayette County, MO, 39.0655, -93.7854, 33115, 628.43]
[17137, Morgan, Morgan County, IL, 39.7156, -90.2015, 33021, 568.79]
[17057, Fulton, Fulton County, IL, 40.4728, -90.2075, 33020, 865.6]
[47183, Weakley, Weakley County, TN, 36.2983, -88.7178, 33016, 580.36]
[18051, Gibson, Gibson County, IN, 38.3119, -87.5846, 33000, 487.49]
[18077, Jefferson, Jefferson County, IN, 38.7858, -85.4386, 32998, 360.63]
[1109, Pike, Pike County, AL, 31.8027, -85.9409, 32987, 672.09]
[18023, Clinton, Clinton County, IN, 40.3017, -86.4751, 32944, 405.07]
[36099, Seneca, Seneca County, NY, 42.781, -76.8238, 32920, 323.71]
[19111, Lee, Lee County, IA, 40.642, -91.4793, 32893, 517.52]
[17011, Bureau, Bureau County, IL, 41.4041, -89.5286, 32866, 869.03]
[28107, Panola, Panola County, MS, 34.3639, -89.9506, 32808, 685.14]
[24019, Dorchester, Dorchester County, MD, 38.4829, -76.0125, 32754, 540.77]
[48241, Jasper, Jasper County, TX, 30.744, -94.0251, 32727, 938.85]
[39079, Jackson, Jackson County, OH, 39.0197, -82.6184, 32650, 420.3]
[30047, Lake, Lake County, MT, 47.6459, -114.0894, 32561, 1490.15]
[47025, Claiborne, Claiborne County, TN, 36.4859, -83.6604, 32466, 434.58]
[29167, Polk, Polk County, MO, 37.6165, -93.4005, 32444, 635.52]
[13123, Gilmer, Gilmer County, GA, 34.6912, -84.4556, 32426, 426.54]
[47079, Henry, Henry County, TN, 36.3318, -88.3013, 32412, 562.1]
[54025, Greenbrier, Greenbrier County, WV, 37.9469, -80.453, 32386, 1019.57]
[48227, Howard, Howard County, TX, 32.3062, -101.4356, 32290, 900.79]
[20111, Lyon, Lyon County, KS, 38.4562, -96.1526, 32186, 847.47]
[45023, Chester, Chester County, SC, 34.6921, -81.1597, 32182, 580.66]
[45053, Jasper, Jasper County, SC, 32.4375, -81.0317, 32166, 655.32]
[48189, Hale, Hale County, TX, 34.0705, -101.8269, 32131, 1004.68]
[51033, Caroline, Caroline County, VA, 38.0267, -77.3472, 32098, 527.51]
[22039, Evangeline, Evangeline Parish, LA, 30.7289, -92.406, 32060, 662.38]
[56033, Sheridan, Sheridan County, WY, 44.79, -106.8792, 32055, 2523.99]
[29209, Stone, Stone County, MO, 36.7469, -93.456, 32048, 464.03]
[1059, Franklin, Franklin County, AL, 34.4417, -87.8437, 31966, 633.82]
[41045, Malheur, Malheur County, OR, 43.1934, -117.6231, 31954, 9887.53]
[22053, Jefferson Davis, Jefferson Davis Parish, LA, 30.2677, -92.8141, 31924, 651.33]
[2110, Juneau, Juneau City and Borough, AK, 58.455, -134.1734, 31794, 2701.93]
[21157, Marshall, Marshall County, KY, 36.8835, -88.3294, 31743, 301.25]
[8029, Delta, Delta County, CO, 38.8614, -107.8629, 31598, 1142.05]
[51145, Powhatan, Powhatan County, VA, 37.5502, -77.9152, 31555, 260.22]
[28115, Pontotoc, Pontotoc County, MS, 34.2254, -89.0374, 31550, 497.69]
[13195, Madison, Madison County, GA, 34.1278, -83.209, 31528, 282.31]
[51009, Amherst, Amherst County, VA, 37.6048, -79.1452, 31485, 473.93]
[54045, Logan, Logan County, WV, 37.8313, -81.9354, 31418, 453.74]
[48449, Titus, Titus County, TX, 33.2166, -94.9657, 31363, 406.05]
[48185, Grimes, Grimes County, TX, 30.5435, -95.9855, 31340, 787.46]
[23029, Washington, Washington County, ME, 45.0307, -67.6287, 31331, 2562.66]
[13143, Haralson, Haralson County, GA, 33.7942, -85.211, 31285, 282.17]
[33007, Coos, Coos County, NH, 44.6896, -71.3056, 31271, 1794.69]
[26035, Clare, Clare County, MI, 43.9879, -84.8478, 31218, 564.32]
[48015, Austin, Austin County, TX, 29.887, -96.2779, 31170, 646.51]
[26063, Huron, Huron County, MI, 43.8333, -83.019, 31113, 835.71]
[48025, Bee, Bee County, TX, 28.4174, -97.7412, 31083, 880.24]
[31001, Adams, Adams County, NE, 40.5245, -98.5012, 31052, 563.27]
[55123, Vernon, Vernon County, WI, 43.5939, -90.8344, 31049, 791.58]
[18055, Greene, Greene County, IN, 39.0364, -86.9621, 31021, 542.5]
[8117, Summit, Summit County, CO, 39.6342, -106.1164, 31017, 608.36]
[27021, Cass, Cass County, MN, 46.9496, -94.3254, 30992, 2021.54]
[45027, Clarendon, Clarendon County, SC, 33.6658, -80.2164, 30986, 606.94]
[13305, Wayne, Wayne County, GA, 31.5515, -81.9168, 30949, 641.78]
[21021, Boyle, Boyle County, KY, 37.6244, -84.8668, 30941, 180.17]
[20125, Montgomery, Montgomery County, KS, 37.1925, -95.7429, 30940, 643.53]
[40089, McCurtain, McCurtain County, OK, 34.1154, -94.7713, 30863, 1850.01]
[18169, Wabash, Wabash County, IN, 40.8457, -85.794, 30844, 412.43]
[55121, Trempealeau, Trempealeau County, WI, 44.304, -91.3585, 30839, 732.97]
[27119, Polk, Polk County, MN, 47.7739, -96.4019, 30705, 1971.13]
[27047, Freeborn, Freeborn County, MN, 43.6738, -93.3488, 30623, 707.09]
[47055, Giles, Giles County, TN, 35.2021, -87.0348, 30620, 610.93]
[37053, Currituck, Currituck County, NC, 36.405, -76.0079, 30601, 261.85]
[21177, Muhlenberg, Muhlenberg County, KY, 37.2158, -87.142, 30591, 467.08]
[48273, Kleberg, Kleberg County, TX, 27.4337, -97.7273, 30579, 881.31]
[46093, Meade, Meade County, SD, 44.5668, -102.7169, 30546, 3470.98]
[51117, Mecklenburg, Mecklenburg County, VA, 36.6804, -78.3627, 30516, 625.49]
[42047, Elk, Elk County, PA, 41.4251, -78.6491, 30506, 827.36]
[39065, Hardin, Hardin County, OH, 40.6616, -83.6595, 30475, 470.41]
[50005, Caledonia, Caledonia County, VT, 44.4647, -72.1022, 30475, 648.86]
[47131, Obion, Obion County, TN, 36.3582, -89.1488, 30453, 544.73]
[56029, Park, Park County, WY, 44.5205, -109.5879, 30449, 6942.08]
[55029, Door, Door County, WI, 44.9452, -87.3154, 30445, 481.98]
[23007, Franklin, Franklin County, ME, 44.974, -70.444, 30413, 1696.61]
[6035, Lassen, Lassen County, CA, 40.6736, -120.5943, 30356, 4541.18]
[40115, Ottawa, Ottawa County, OK, 36.8355, -94.8104, 30341, 470.82]
[45089, Williamsburg, Williamsburg County, SC, 33.6199, -79.7277, 30282, 934.16]
[13085, Dawson, Dawson County, GA, 34.4443, -84.1706, 30242, 210.83]
[20113, McPherson, McPherson County, KS, 38.3917, -97.648, 30205, 898.27]
[21163, Meade, Meade County, KY, 37.9697, -86.217, 30158, 305.42]
[17157, Randolph, Randolph County, IL, 38.0521, -89.8252, 30058, 575.5]
[36095, Schoharie, Schoharie County, NY, 42.5882, -74.4421, 30049, 621.82]
[21121, Knox, Knox County, KY, 36.8906, -83.854, 29865, 386.3]
[54051, Marshall, Marshall County, WV, 39.8606, -80.6634, 29865, 305.43]
[22047, Iberville, Iberville Parish, LA, 30.2586, -91.3495, 29815, 618.63]
[50017, Orange, Orange County, VT, 44.0056, -72.3768, 29761, 687.03]
[49039, Sanpete, Sanpete County, UT, 39.3739, -111.5763, 29719, 1590.15]
[13207, Monroe, Monroe County, GA, 33.0139, -83.9187, 29664, 395.66]
[27115, Pine, Pine County, MN, 46.1208, -92.7413, 29640, 1411.29]
[37017, Bladen, Bladen County, NC, 34.6146, -78.5637, 29566, 874.33]
[37039, Cherokee, Cherokee County, NC, 35.1339, -84.0635, 29562, 455.43]
[28011, Bolivar, Bolivar County, MS, 33.7971, -90.8806, 29534, 876.57]
[8087, Morgan, Morgan County, CO, 40.2626, -103.8097, 29520, 1280.43]
[51173, Smyth, Smyth County, VA, 36.8438, -81.537, 29420, 450.93]
[16039, Elmore, Elmore County, ID, 43.354, -115.4693, 29321, 3074.74]
[48363, Palo Pinto, Palo Pinto County, TX, 32.7532, -98.313, 29295, 951.79]
[47115, Marion, Marion County, TN, 35.1289, -85.6239, 29250, 498.16]
[26105, Mason, Mason County, MI, 43.9952, -86.25, 29207, 495.07]
[13087, Decatur, Decatur County, GA, 30.8783, -84.5791, 29195, 597.14]
[1093, Marion, Marion County, AL, 34.1366, -87.8871, 29184, 742.29]
[51035, Carroll, Carroll County, VA, 36.7316, -80.7339, 29157, 474.69]
[27079, Le Sueur, Le Sueur County, MN, 44.3715, -93.7302, 29113, 448.76]
[18137, Ripley, Ripley County, IN, 39.1035, -85.2624, 29095, 446.43]
[39053, Gallia, Gallia County, OH, 38.8247, -82.3169, 29068, 466.53]
[13261, Sumter, Sumter County, GA, 32.0399, -84.197, 29061, 482.7]
[28099, Neshoba, Neshoba County, MS, 32.7535, -89.1176, 28932, 570.14]
[20051, Ellis, Ellis County, KS, 38.9147, -99.3173, 28920, 899.91]
[26007, Alpena, Alpena County, MI, 45.0348, -83.6282, 28880, 571.86]
[39047, Fayette, Fayette County, OH, 39.5599, -83.4561, 28876, 406.36]
[51630, Fredericksburg, Fredericksburg City, VA, 38.2992, -77.4872, 28873, 10.44]
[39161, Van Wert, Van Wert County, OH, 40.8554, -84.5861, 28826, 409.16]
[13311, White, White County, GA, 34.6464, -83.7471, 28810, 240.69]
[28001, Adams, Adams County, MS, 31.4829, -91.3535, 28803, 462.41]
[46029, Codington, Codington County, SD, 44.9779, -97.1886, 28767, 688.5]
[13169, Jones, Jones County, GA, 33.0251, -83.5605, 28673, 393.93]
[45067, Marion, Marion County, SC, 34.0801, -79.3625, 28664, 489.23]
[47017, Carroll, Carroll County, TN, 35.9732, -88.4503, 28641, 599.25]
[5015, Carroll, Carroll County, AR, 36.341, -93.5382, 28626, 630.09]
[24023, Garrett, Garrett County, MD, 39.5289, -79.2729, 28615, 647.1]
[48067, Cass, Cass County, TX, 33.0775, -94.3435, 28568, 936.96]
[13225, Peach, Peach County, GA, 32.5688, -83.8269, 28560, 150.27]
[6021, Glenn, Glenn County, CA, 39.5981, -122.3919, 28494, 1313.95]
[29207, Stoddard, Stoddard County, MO, 36.8556, -89.9443, 28470, 823.22]
[29127, Marion, Marion County, MO, 39.8059, -91.6224, 28457, 436.92]
[48407, San Jacinto, San Jacinto County, TX, 30.5795, -95.1669, 28441, 569.24]
[54029, Hancock, Hancock County, WV, 40.5219, -80.5739, 28431, 82.61]
[12003, Baker, Baker County, FL, 30.3311, -82.2846, 28430, 585.23]
[55069, Lincoln, Lincoln County, WI, 45.3374, -89.7346, 28426, 878.97]
[18179, Wells, Wells County, IN, 40.7293, -85.2212, 28420, 368.09]
[21173, Montgomery, Montgomery County, KY, 38.0335, -83.9131, 28395, 197.37]
[28137, Tate, Tate County, MS, 34.6503, -89.9448, 28321, 404.76]
[40039, Custer, Custer County, OK, 35.6388, -99.0015, 28259, 988.82]
[18175, Washington, Washington County, IN, 38.6, -86.1053, 28212, 513.73]
[51053, Dinwiddie, Dinwiddie County, VA, 37.076, -77.6323, 28191, 503.72]
[51197, Wythe, Wythe County, VA, 36.9171, -81.0787, 28188, 461.82]
[47185, White, White County, TN, 35.9264, -85.4552, 28160, 376.67]
[28145, Union, Union County, MS, 34.4905, -89.0038, 28122, 415.6]
[51065, Fluvanna, Fluvanna County, VA, 37.8419, -78.2773, 28092, 286.01]
[13293, Upson, Upson County, GA, 32.8813, -84.2994, 28029, 323.44]
[21141, Logan, Logan County, KY, 36.8597, -86.8789, 27986, 552.13]
[47077, Henderson, Henderson County, TN, 35.6542, -88.388, 27980, 520.07]
[22121, West Baton Rouge, West Baton Rouge Parish, LA, 30.4636, -91.3127, 27974, 192.39]
[17135, Montgomery, Montgomery County, IL, 39.231, -89.4789, 27942, 703.69]
[51840, Winchester, Winchester City, VA, 39.1735, -78.1746, 27913, 9.23]
[51099, King George, King George County, VA, 38.2733, -77.1572, 27896, 179.64]
[12007, Bradford, Bradford County, FL, 29.95, -82.1688, 27885, 293.96]
[8039, Elbert, Elbert County, CO, 39.2865, -104.1357, 27874, 1850.85]
[45033, Dillon, Dillon County, SC, 34.3915, -79.3789, 27862, 404.87]
[28029, Copiah, Copiah County, MS, 31.8693, -90.4488, 27855, 777.24]
[39073, Hocking, Hocking County, OH, 39.4971, -82.4793, 27799, 421.32]
[35017, Grant, Grant County, NM, 32.7389, -108.3824, 27775, 3961.63]
[28123, Scott, Scott County, MS, 32.4064, -89.5376, 27718, 609.19]
[17107, Logan, Logan County, IL, 40.1245, -89.3675, 27713, 618.06]
[54035, Jackson, Jackson County, WV, 38.8345, -81.6748, 27705, 464.35]
[50019, Orleans, Orleans County, VT, 44.829, -72.2436, 27606, 693.27]
[54083, Randolph, Randolph County, WV, 38.7747, -79.8758, 27576, 1039.68]
[39069, Henry, Henry County, OH, 41.3339, -84.0682, 27567, 416.01]
[18079, Jennings, Jennings County, IN, 38.9969, -85.628, 27562, 376.58]
[39001, Adams, Adams County, OH, 38.8455, -83.4721, 27540, 583.87]
[48171, Gillespie, Gillespie County, TX, 30.3181, -98.9465, 27524, 1058.21]
[21193, Perry, Perry County, KY, 37.2443, -83.2215, 27499, 339.67]
[41057, Tillamook, Tillamook County, OR, 45.4637, -123.7126, 27496, 1102.58]
[29069, Dunklin, Dunklin County, MO, 36.2721, -90.0909, 27493, 541.07]
[45037, Edgefield, Edgefield County, SC, 33.7722, -81.9664, 27476, 500.41]
[21239, Woodford, Woodford County, KY, 38.0424, -84.7436, 27279, 188.78]
[47071, Hardin, Hardin County, TN, 35.1987, -88.1845, 27249, 577.32]
[46081, Lawrence, Lawrence County, SD, 44.3586, -103.7923, 27233, 800.04]
[31025, Cass, Cass County, NE, 40.9097, -96.1409, 27161, 557.45]
[28083, Leflore, Leflore County, MS, 33.5505, -90.3011, 27141, 592.54]
[27095, Mille Lacs, Mille Lacs County, MN, 45.938, -93.6301, 27125, 572.31]
[6015, Del Norte, Del Norte County, CA, 41.7431, -123.8972, 27107, 1006.37]
[13279, Toombs, Toombs County, GA, 32.1216, -82.3312, 27102, 364.01]
[39131, Pike, Pike County, OH, 39.0773, -83.0668, 27044, 440.28]
[22031, De Soto, De Soto Parish, LA, 32.0554, -93.7373, 27026, 875.58]
[13257, Stephens, Stephens County, GA, 34.554, -83.2932, 27012, 179.13]
[37009, Ashe, Ashe County, NC, 36.4341, -81.5003, 26950, 426.14]
[13147, Hart, Hart County, GA, 34.3509, -82.9642, 26939, 232.39]
[17109, McDonough, McDonough County, IL, 40.4562, -90.6779, 26920, 589.41]
[26127, Oceana, Oceana County, MI, 43.641, -86.2675, 26915, 512.07]
[1061, Geneva, Geneva County, AL, 31.095, -85.8391, 26887, 574.41]
[45087, Union, Union County, SC, 34.6895, -81.6192, 26885, 514.17]
[54057, Mineral, Mineral County, WV, 39.4147, -78.9438, 26854, 327.83]
[35047, San Miguel, San Miguel County, NM, 35.4805, -104.8158, 26850, 4715.82]
[35006, Cibola, Cibola County, NM, 34.9125, -107.9997, 26845, 4539.48]
[16075, Payette, Payette County, ID, 44.0068, -116.7608, 26771, 406.87]
[21085, Grayson, Grayson County, KY, 37.4608, -86.3439, 26707, 496.7]
[55057, Juneau, Juneau County, WI, 43.9246, -90.1138, 26689, 766.93]
[19015, Boone, Boone County, IA, 42.0365, -93.9316, 26668, 571.57]
[39019, Carroll, Carroll County, OH, 40.5796, -81.0897, 26659, 394.61]
[36049, Lewis, Lewis County, NY, 43.785, -75.4487, 26607, 1274.68]
[41065, Wasco, Wasco County, OR, 45.16, -121.1678, 26552, 2381.52]
[13035, Butts, Butts County, GA, 33.2879, -83.9572, 26496, 184.39]
[17075, Iroquois, Iroquois County, IL, 40.7473, -87.8243, 26449, 1117.32]
[40015, Caddo, Caddo County, OK, 35.1744, -98.3751, 26447, 1278.29]
[18031, Decatur, Decatur County, IN, 39.307, -85.5011, 26422, 372.57]
[8083, Montezuma, Montezuma County, CO, 37.3386, -108.5966, 26412, 2029.53]
[51075, Goochland, Goochland County, VA, 37.7221, -77.9158, 26410, 281.42]
[18021, Clay, Clay County, IN, 39.3928, -87.1158, 26409, 357.54]
[21217, Taylor, Taylor County, KY, 37.3665, -85.3279, 26397, 266.33]
[21043, Carter, Carter County, KY, 38.3182, -83.0495, 26341, 409.5]
[13291, Union, Union County, GA, 34.8341, -83.9907, 26304, 321.93]
[41013, Crook, Crook County, OR, 44.1422, -120.3566, 26277, 2979.09]
[47111, Macon, Macon County, TN, 36.532, -86.0073, 26240, 307.14]
[20149, Pottawatomie, Pottawatomie County, KS, 39.379, -96.3424, 26204, 841.02]
[50015, Lamoille, Lamoille County, VT, 44.607, -72.6419, 26148, 458.8]
[41061, Union, Union County, OR, 45.3102, -118.0088, 26144, 2036.61]
[26029, Charlevoix, Charlevoix County, MI, 45.2995, -85.124, 26108, 416.34]
[13131, Grady, Grady County, GA, 30.8747, -84.2345, 26108, 454.53]
[20059, Franklin, Franklin County, KS, 38.5645, -95.2859, 26106, 571.76]
[37123, Montgomery, Montgomery County, NC, 35.3325, -79.9055, 26007, 491.76]
[5071, Johnson, Johnson County, AR, 35.5697, -93.4602, 26003, 659.8]
[45069, Marlboro, Marlboro County, SC, 34.602, -79.6786, 25975, 479.67]
[47109, McNairy, McNairy County, TN, 35.1755, -88.5636, 25970, 562.86]
[42131, Wyoming, Wyoming County, PA, 41.5184, -76.0164, 25967, 397.32]
[26043, Dickinson, Dickinson County, MI, 46.0092, -87.8703, 25954, 761.4]
[51790, Staunton, Staunton City, VA, 38.1593, -79.0611, 25948, 19.98]
[26031, Cheboygan, Cheboygan County, MI, 45.4463, -84.4999, 25865, 715.26]
[40049, Garvin, Garvin County, OK, 34.7046, -97.3093, 25860, 802.12]
[32001, Churchill, Churchill County, NV, 39.5809, -118.3358, 25805, 4930.46]
[27015, Brown, Brown County, MN, 44.2421, -94.7276, 25800, 611.09]
[21095, Harlan, Harlan County, KY, 36.8569, -83.218, 25772, 465.83]
[19149, Plymouth, Plymouth County, IA, 42.7378, -96.2141, 25747, 862.89]
[13111, Fannin, Fannin County, GA, 34.8641, -84.3198, 25742, 386.72]
[19011, Benton, Benton County, IA, 42.0802, -92.0657, 25724, 716.27]
[26051, Gladwin, Gladwin County, MI, 43.9907, -84.3883, 25693, 501.78]
[28127, Simpson, Simpson County, MS, 31.9132, -89.9195, 25691, 589.16]
[12049, Hardee, Hardee County, FL, 27.4927, -81.81, 25675, 637.78]
[51775, Salem, Salem City, VA, 37.2864, -80.0554, 25618, 14.44]
[35029, Luna, Luna County, NM, 32.1823, -107.7499, 25611, 2965.19]
[26137, Otsego, Otsego County, MI, 45.0214, -84.599, 25584, 514.97]
[27153, Todd, Todd County, MN, 46.0706, -94.8976, 25575, 944.98]
[48331, Milam, Milam County, TX, 30.7863, -96.9768, 25567, 1016.93]
[51167, Russell, Russell County, VA, 36.9339, -82.0954, 25538, 473.82]
[12133, Washington, Washington County, FL, 30.6106, -85.6653, 25529, 582.8]
[27083, Lyon, Lyon County, MN, 44.4135, -95.839, 25503, 714.56]
[16031, Cassia, Cassia County, ID, 42.2839, -113.6001, 25483, 2565.08]
[1019, Cherokee, Cherokee County, AL, 34.1759, -85.6038, 25443, 553.7]
[47081, Hickman, Hickman County, TN, 35.8032, -87.4733, 25436, 612.5]
[47069, Hardeman, Hardeman County, TN, 35.2068, -88.9931, 25433, 667.77]
[21081, Grant, Grant County, KY, 38.6488, -84.6246, 25418, 257.97]
[26101, Manistee, Manistee County, MI, 44.333, -86.0568, 25350, 542.15]
[26069, Iosco, Iosco County, MI, 44.3559, -83.6359, 25347, 549.1]
[29001, Adair, Adair County, MO, 40.1906, -92.6007, 25301, 567.32]
[29131, Miller, Miller County, MO, 38.2145, -92.4284, 25269, 592.6]
[5023, Cleburne, Cleburne County, AR, 35.5382, -92.0267, 25226, 553.69]
[19017, Bremer, Bremer County, IA, 42.7746, -92.3181, 25204, 435.48]
[41031, Jefferson, Jefferson County, OR, 44.6294, -121.1761, 25203, 1780.79]
[28117, Prentiss, Prentiss County, MS, 34.6183, -88.5201, 25184, 414.98]
[16053, Jerome, Jerome County, ID, 42.6899, -114.2639, 25173, 597.19]
[28039, George, George County, MS, 30.8626, -88.644, 25170, 478.71]
[29215, Texas, Texas County, MO, 37.3173, -91.9651, 25161, 1177.27]
[18129, Posey, Posey County, IN, 38.0218, -87.8685, 25116, 409.57]
[51127, New Kent, New Kent County, VA, 37.5052, -76.9974, 25105, 209.73]
[20009, Barton, Barton County, KS, 38.479, -98.7565, 25097, 895.4]
[8107, Routt, Routt County, CO, 40.4852, -106.9913, 25084, 2362.03]
[54053, Mason, Mason County, WV, 38.7697, -82.0266, 25043, 430.75]
[48149, Fayette, Fayette County, TX, 29.8768, -96.9198, 25042, 950.01]
[13055, Chattooga, Chattooga County, GA, 34.475, -85.3453, 25036, 313.34]
[51600, Fairfax, Fairfax City, VA, 38.8531, -77.2998, 25026, 6.24]
[16013, Blaine, Blaine County, ID, 43.4119, -113.9802, 24951, 2643.59]
[48463, Uvalde, Uvalde County, TX, 29.3573, -99.7622, 24881, 1551.95]
[48007, Aransas, Aransas County, TX, 28.1254, -96.9933, 24876, 252.07]
[55137, Waushara, Waushara County, WI, 44.1131, -89.2429, 24868, 626.15]
[28163, Yazoo, Yazoo County, MS, 32.7803, -90.3964, 24835, 922.95]
[8119, Teller, Teller County, CO, 38.8824, -105.1617, 24825, 557.06]
[24039, Somerset, Somerset County, MD, 38.1158, -75.7518, 24822, 319.72]
[47097, Lauderdale, Lauderdale County, TN, 35.7605, -89.6305, 24784, 471.99]
[18181, White, White County, IN, 40.7498, -86.8655, 24717, 505.13]
[40065, Jackson, Jackson County, OK, 34.588, -99.4148, 24678, 802.65]
[1005, Barbour, Barbour County, AL, 31.8696, -85.3932, 24643, 884.88]
[21205, Rowan, Rowan County, KY, 38.1963, -83.4211, 24578, 279.8]
[22067, Morehouse, Morehouse Parish, LA, 32.8202, -91.8018, 24551, 794.93]
[29007, Audrain, Audrain County, MO, 39.2157, -91.8416, 24548, 692.24]
[36123, Yates, Yates County, NY, 42.6335, -77.1055, 24526, 338.14]
[18143, Scott, Scott County, IN, 38.6851, -85.7475, 24526, 190.4]
[21137, Lincoln, Lincoln County, KY, 37.4554, -84.6608, 24504, 334.1]
[13033, Burke, Burke County, GA, 33.0611, -82.0007, 24470, 826.97]
[45001, Abbeville, Abbeville County, SC, 34.2226, -82.4593, 24420, 490.48]
[18135, Randolph, Randolph County, IN, 40.1576, -85.0113, 24387, 452.38]
[29175, Randolph, Randolph County, MO, 39.4402, -92.4971, 24365, 482.68]
[21005, Anderson, Anderson County, KY, 38.0039, -84.991, 24353, 201.83]
[28133, Sunflower, Sunflower County, MS, 33.6023, -90.5886, 24333, 697.75]
[54067, Nicholas, Nicholas County, WV, 38.2917, -80.7993, 24277, 646.82]
[47057, Grainger, Grainger County, TN, 36.2763, -83.5096, 24266, 280.6]
[13119, Franklin, Franklin County, GA, 34.3754, -83.2291, 24234, 261.5]
[13267, Tattnall, Tattnall County, GA, 32.0458, -82.0581, 24208, 479.4]
[31047, Dawson, Dawson County, NE, 40.8699, -99.8196, 24202, 1013.1]
[28091, Marion, Marion County, MS, 31.2308, -89.8224, 24193, 542.38]
[48419, Shelby, Shelby County, TX, 31.7924, -94.145, 24155, 795.58]
[26009, Antrim, Antrim County, MI, 44.9991, -85.1402, 24127, 475.7]
[28057, Itawamba, Itawamba County, MS, 34.28, -88.3613, 24036, 532.79]
[53049, Pacific, Pacific County, WA, 46.5556, -123.7039, 23994, 932.66]
[41027, Hood River, Hood River County, OR, 45.519, -121.6511, 23905, 521.95]
[55049, Iowa, Iowa County, WI, 43.0005, -90.1354, 23867, 762.58]
[26143, Roscommon, Roscommon County, MI, 44.3356, -84.6116, 23737, 519.64]
[21183, Ohio, Ohio County, KY, 37.4782, -86.8489, 23735, 587.27]
[51139, Page, Page County, VA, 38.6194, -78.4844, 23727, 310.86]
[54097, Upshur, Upshur County, WV, 38.8978, -80.2334, 23712, 354.64]
[29119, McDonald, McDonald County, MO, 36.6287, -94.3483, 23701, 539.48]
[1133, Winston, Winston County, AL, 34.1492, -87.3737, 23682, 612.98]
[55125, Vilas, Vilas County, WI, 46.0529, -89.5148, 23647, 856.6]
[21013, Bell, Bell County, KY, 36.7306, -83.6741, 23509, 359.0]
[40133, Seminole, Seminole County, OK, 35.1675, -96.6155, 23494, 632.84]
[29221, Washington, Washington County, MO, 37.9617, -90.8774, 23470, 759.91]
[27093, Meeker, Meeker County, MN, 45.1231, -94.5274, 23468, 608.18]
[54027, Hampshire, Hampshire County, WV, 39.3171, -78.6141, 23465, 640.25]
[46135, Yankton, Yankton County, SD, 43.009, -97.3948, 23414, 521.16]
[53039, Klickitat, Klickitat County, WA, 45.8738, -120.7891, 23411, 1871.31]
[56039, Teton, Teton County, WY, 43.9346, -110.5898, 23396, 3995.38]
[41015, Curry, Curry County, OR, 42.4576, -124.1568, 23381, 1627.46]
[42067, Juniata, Juniata County, PA, 40.5311, -77.4022, 23379, 391.35]
[18149, Starke, Starke County, IN, 41.2809, -86.6476, 23365, 309.13]
[18041, Fayette, Fayette County, IN, 39.64, -85.1788, 23334, 215.01]
[26109, Menominee, Menominee County, MI, 45.5801, -87.5566, 23247, 1044.08]
[29195, Saline, Saline County, MO, 39.1368, -93.2018, 23231, 755.5]
[26133, Osceola, Osceola County, MI, 43.9898, -85.3252, 23227, 566.39]
[17165, Saline, Saline County, IL, 37.7531, -88.5407, 23213, 379.82]
[29177, Ray, Ray County, MO, 39.3523, -93.9899, 23145, 568.81]
[47133, Overton, Overton County, TN, 36.345, -85.2881, 23065, 433.48]
[31155, Saunders, Saunders County, NE, 41.2264, -96.6374, 23048, 750.23]
[21167, Mercer, Mercer County, KY, 37.811, -84.8745, 23028, 248.8]
[13107, Emanuel, Emanuel County, GA, 32.5897, -82.3017, 23026, 680.6]
[18047, Franklin, Franklin County, IN, 39.4149, -85.0602, 23020, 384.43]
[51670, Hopewell, Hopewell City, VA, 37.2915, -77.2985, 22959, 10.28]
[13237, Putnam, Putnam County, GA, 33.3218, -83.3728, 22855, 344.64]
[51820, Waynesboro, Waynesboro City, VA, 38.0674, -78.9014, 22841, 15.04]
[22075, Plaquemines, Plaquemines Parish, LA, 29.4406, -89.61, 22803, 779.91]
[29055, Crawford, Crawford County, MO, 37.9764, -91.3039, 22797, 742.52]
[26089, Leelanau, Leelanau County, MI, 44.9385, -85.812, 22734, 347.17]
[48365, Panola, Panola County, TX, 32.1624, -94.3056, 22726, 801.75]
[48281, Lampasas, Lampasas County, TX, 31.1962, -98.2415, 22715, 712.84]
[19183, Washington, Washington County, IA, 41.3356, -91.7179, 22561, 568.84]
[1025, Clarke, Clarke County, AL, 31.6767, -87.8308, 22543, 1238.47]
[5111, Poinsett, Poinsett County, AR, 35.574, -90.663, 22543, 758.39]
[54059, Mingo, Mingo County, WV, 37.7264, -82.1347, 22542, 423.11]
[51163, Rockbridge, Rockbridge County, VA, 37.8145, -79.4473, 22531, 597.56]
[1111, Randolph, Randolph County, AL, 33.2938, -85.4591, 22510, 580.55]
[22003, Allen, Allen Parish, LA, 30.6529, -92.828, 22477, 761.85]
[53003, Asotin, Asotin County, WA, 46.1918, -117.203, 22467, 636.21]
[48299, Llano, Llano County, TX, 30.7058, -98.6841, 22424, 934.03]
[37033, Caswell, Caswell County, NC, 36.3932, -79.3335, 22404, 424.92]
[5123, St. Francis, St. Francis County, AR, 35.022, -90.7478, 22400, 634.77]
[20191, Sumner, Sumner County, KS, 37.2373, -97.4765, 22353, 1181.94]
[5027, Columbia, Columbia County, AR, 33.2143, -93.2273, 22349, 766.05]
[21115, Johnson, Johnson County, KY, 37.8466, -82.8315, 22334, 261.95]
[29083, Henry, Henry County, MO, 38.3852, -93.7928, 22328, 696.95]
[37007, Anson, Anson County, NC, 34.9738, -80.1027, 22289, 531.45]
[48293, Limestone, Limestone County, TX, 31.5455, -96.5805, 22283, 905.29]
[48165, Gaines, Gaines County, TX, 32.7408, -102.6352, 22232, 1502.38]
[16067, Minidoka, Minidoka County, ID, 42.8543, -113.6375, 22208, 757.59]
[40009, Beckham, Beckham County, OK, 35.2687, -99.682, 22148, 901.81]
[1007, Bibb, Bibb County, AL, 32.9986, -87.1265, 22130, 622.58]
[47151, Scott, Scott County, TN, 36.4285, -84.5035, 22113, 532.3]
[22043, Grant, Grant Parish, LA, 31.5997, -92.5595, 22095, 643.03]
[5103, Ouachita, Ouachita County, AR, 33.5934, -92.8819, 22085, 732.78]
[49041, Sevier, Sevier County, UT, 38.7477, -111.8046, 22085, 1910.58]
[48225, Houston, Houston County, TX, 31.3177, -95.4227, 22051, 1230.91]
[27105, Nobles, Nobles County, MN, 43.6742, -95.7534, 22041, 715.11]
[48019, Bandera, Bandera County, TX, 29.7472, -99.2463, 22021, 790.96]
[19123, Mahaska, Mahaska County, IA, 41.3352, -92.6409, 22021, 570.86]
[51147, Prince Edward, Prince Edward County, VA, 37.2243, -78.4411, 21996, 349.96]
[6011, Colusa, Colusa County, CA, 39.1775, -122.237, 21984, 1150.73]
[22085, Sabine, Sabine Parish, LA, 31.564, -93.5547, 21977, 866.66]
[51105, Lee, Lee County, VA, 36.7054, -83.1286, 21900, 435.52]
[39105, Meigs, Meigs County, OH, 39.0822, -82.0229, 21896, 430.1]
[37115, Madison, Madison County, NC, 35.858, -82.7058, 21867, 449.57]
[17085, Jo Daviess, Jo Daviess County, IL, 42.3658, -90.2126, 21851, 601.09]
[27057, Hubbard, Hubbard County, MN, 47.1086, -94.9167, 21831, 925.68]
[54009, Brooke, Brooke County, WV, 40.2739, -80.5764, 21805, 89.21]
[13189, McDuffie, McDuffie County, GA, 33.4828, -82.4814, 21718, 257.46]
[29141, Morgan, Morgan County, MO, 38.4237, -92.886, 21717, 597.63]
[37117, Martin, Martin County, NC, 35.8432, -77.1092, 21644, 461.22]
[31067, Gage, Gage County, NE, 40.2619, -96.6894, 21629, 851.49]
[18119, Owen, Owen County, IN, 39.3128, -86.8377, 21604, 385.29]
[39175, Wyandot, Wyandot County, OH, 40.8424, -83.3044, 21598, 406.87]
[27157, Wabasha, Wabasha County, MN, 44.2843, -92.2303, 21565, 522.98]
[38093, Stutsman, Stutsman County, ND, 46.9793, -98.9588, 21549, 2221.72]
[28139, Tippah, Tippah County, MS, 34.7684, -88.9089, 21523, 457.82]
[12123, Taylor, Taylor County, FL, 30.047, -83.6035, 21503, 1043.31]
[20175, Seward, Seward County, KS, 37.1933, -100.8513, 21486, 639.5]
[51169, Scott, Scott County, VA, 36.7143, -82.6029, 21479, 535.53]
[29049, Clinton, Clinton County, MO, 39.6018, -94.4046, 21414, 418.96]
[27045, Fillmore, Fillmore County, MN, 43.674, -92.0902, 21414, 861.3]
[48341, Moore, Moore County, TX, 35.8377, -101.893, 21373, 899.69]
[48219, Hockley, Hockley County, TX, 33.6076, -102.3432, 21363, 908.39]
[47129, Morgan, Morgan County, TN, 36.135, -84.6492, 21361, 522.18]
[31043, Dakota, Dakota County, NE, 42.3911, -96.5646, 21354, 264.26]
[28079, Leake, Leake County, MS, 32.7535, -89.524, 21319, 583.0]
[17051, Fayette, Fayette County, IL, 39.0002, -89.0241, 21315, 716.48]
[21003, Allen, Allen County, KY, 36.7513, -86.1904, 21293, 344.34]
[5083, Logan, Logan County, AR, 35.2149, -93.7166, 21277, 708.13]
[17083, Jersey, Jersey County, IL, 39.0855, -90.3565, 21274, 369.27]
[28043, Grenada, Grenada County, MS, 33.7699, -89.802, 21217, 422.11]
[30053, Lincoln, Lincoln County, MT, 48.5425, -115.4051, 21175, 3612.92]
[51079, Greene, Greene County, VA, 38.2976, -78.4669, 21155, 156.25]
[5019, Clark, Clark County, AR, 34.051, -93.1764, 21125, 866.07]
[55001, Adams, Adams County, WI, 43.9695, -89.7704, 21123, 645.65]
[31177, Washington, Washington County, NE, 41.5311, -96.222, 21106, 389.96]
[28101, Newton, Newton County, MS, 32.4002, -89.1188, 21093, 578.1]
[13211, Morgan, Morgan County, GA, 33.5909, -83.4923, 21078, 347.35]
[13205, Mitchell, Mitchell County, GA, 31.2253, -84.1943, 21058, 512.09]
[5029, Conway, Conway County, AR, 35.2624, -92.7014, 21054, 552.25]
[48337, Montague, Montague County, TX, 33.6757, -97.7246, 21046, 930.91]
[48179, Gray, Gray County, TX, 35.4012, -100.8126, 21045, 925.97]
[27039, Dodge, Dodge County, MN, 44.0226, -92.8621, 21045, 439.28]
[54005, Boone, Boone County, WV, 38.0229, -81.7115, 21026, 501.54]
[48089, Colorado, Colorado County, TX, 29.6208, -96.5263, 21006, 960.27]
[55053, Jackson, Jackson County, WI, 44.3192, -90.8053, 20981, 987.72]
[47041, DeKalb, DeKalb County, TN, 35.9799, -85.8328, 20959, 304.35]
[25007, Dukes, Dukes County, MA, 41.3961, -70.65, 20933, 103.25]
[13199, Meriwether, Meriwether County, GA, 33.0406, -84.6883, 20929, 501.22]
[19105, Jones, Jones County, IA, 42.1212, -91.1315, 20896, 575.62]
[8075, Logan, Logan County, CO, 40.7247, -103.1101, 20892, 1838.55]
[26129, Ogemaw, Ogemaw County, MI, 44.335, -84.1264, 20885, 563.49]
[21027, Breckinridge, Breckinridge County, KY, 37.7734, -86.4293, 20881, 567.17]
[22111, Union, Union Parish, LA, 32.8318, -92.3748, 20821, 876.99]
[21133, Letcher, Letcher County, KY, 37.1212, -82.8553, 20808, 337.91]
[53001, Adams, Adams County, WA, 46.9834, -118.5606, 20800, 1924.98]
[18153, Sullivan, Sullivan County, IN, 39.0889, -87.4147, 20780, 447.14]
[29147, Nodaway, Nodaway County, MO, 40.3607, -94.8834, 20774, 876.96]
[40139, Texas, Texas County, OK, 36.7479, -101.4901, 20774, 2041.26]
[19021, Buena Vista, Buena Vista County, IA, 42.7355, -95.1511, 20753, 574.92]
[17173, Shelby, Shelby County, IL, 39.3911, -88.8055, 20720, 758.52]
[19019, Buchanan, Buchanan County, IA, 42.4708, -91.8379, 20694, 571.02]
[55061, Kewaunee, Kewaunee County, WI, 44.5161, -87.6153, 20664, 342.52]
[56041, Uinta, Uinta County, WY, 41.2876, -110.5476, 20644, 2081.26]
[17145, Perry, Perry County, IL, 38.0837, -89.367, 20639, 441.76]
[54109, Wyoming, Wyoming County, WV, 37.6096, -81.5492, 20629, 499.45]
[16045, Gem, Gem County, ID, 44.0615, -116.3975, 20614, 560.9]
[19027, Carroll, Carroll County, IA, 42.0362, -94.8605, 20594, 569.44]
[48285, Lavaca, Lavaca County, TX, 29.3843, -96.9302, 20552, 969.71]
[45039, Fairfield, Fairfield County, SC, 34.3951, -81.1212, 20550, 686.28]
[28027, Coahoma, Coahoma County, MS, 34.23, -90.6018, 20540, 552.44]
[18015, Carroll, Carroll County, IN, 40.5828, -86.5635, 20535, 372.22]
[45011, Barnwell, Barnwell County, SC, 33.2661, -81.4349, 20521, 548.39]
[49007, Carbon, Carbon County, UT, 39.6481, -110.5887, 20517, 1478.49]
[37079, Greene, Greene County, NC, 35.485, -77.6758, 20486, 265.93]
[56023, Lincoln, Lincoln County, WY, 42.264, -110.656, 20486, 4076.13]
[22007, Assumption, Assumption Parish, LA, 29.9024, -91.0608, 20484, 338.66]
[13321, Worth, Worth County, GA, 31.5515, -83.8509, 20451, 570.7]
[47173, Union, Union County, TN, 36.2879, -83.8375, 20431, 223.55]
[47159, Smith, Smith County, TN, 36.2505, -85.9567, 20389, 314.29]
[18049, Fulton, Fulton County, IN, 41.047, -86.2635, 20312, 368.39]
[48253, Jones, Jones County, TX, 32.7399, -99.8788, 20304, 928.55]
[21017, Bourbon, Bourbon County, KY, 38.2067, -84.2172, 20240, 289.72]
[48457, Tyler, Tyler County, TX, 30.7712, -94.3766, 20238, 924.5]
[18075, Jay, Jay County, IN, 40.4379, -85.0056, 20229, 383.91]
[35027, Lincoln, Lincoln County, NM, 33.7453, -105.4593, 20224, 4831.09]
[22077, Pointe Coupee, Pointe Coupee Parish, LA, 30.7095, -91.6008, 20217, 557.35]
[13229, Pierce, Pierce County, GA, 31.3588, -82.2128, 20202, 316.49]
[21215, Spencer, Spencer County, KY, 38.0325, -85.3278, 20193, 186.68]
[49013, Duchesne, Duchesne County, UT, 40.2982, -110.4252, 20185, 3240.95]
[48233, Hutchinson, Hutchinson County, TX, 35.84, -101.3547, 20184, 887.42]
[8015, Chaffee, Chaffee County, CO, 38.747, -106.1941, 20178, 1013.4]
[40153, Woodward, Woodward County, OK, 36.4227, -99.2651, 20158, 1242.4]
[29015, Benton, Benton County, MO, 38.2949, -93.2879, 20151, 704.06]
[48489, Willacy, Willacy County, TX, 26.4693, -97.6632, 20139, 590.55]
[5149, Yell, Yell County, AR, 35.0026, -93.4108, 20134, 929.98]
[13133, Greene, Greene County, GA, 33.5788, -83.1667, 20109, 387.44]
[48161, Freestone, Freestone County, TX, 31.7049, -96.1491, 20049, 877.74]
[55119, Taylor, Taylor County, WI, 45.2116, -90.5012, 20024, 974.88]
[48123, DeWitt, DeWitt County, TX, 29.0821, -97.3567, 20016, 908.98]
[19087, Henry, Henry County, IA, 40.988, -91.5445, 20004, 434.33]
[21213, Simpson, Simpson County, KY, 36.742, -86.5823, 19972, 234.2]
[18147, Spencer, Spencer County, IN, 38.0141, -87.0077, 19955, 396.74]
[46035, Davison, Davison County, SD, 43.6747, -98.146, 19952, 435.56]
[21051, Clay, Clay County, KY, 37.1597, -83.7146, 19921, 469.25]
[37091, Hertford, Hertford County, NC, 36.3591, -76.982, 19908, 353.06]
[13231, Pike, Pike County, GA, 33.0923, -84.3892, 19903, 216.09]
[54043, Lincoln, Lincoln County, WV, 38.1753, -82.0704, 19902, 437.04]
[37149, Polk, Polk County, NC, 35.2793, -82.1697, 19891, 237.79]
[19191, Winneshiek, Winneshiek County, IA, 43.2907, -91.8437, 19873, 689.87]
[20099, Labette, Labette County, KS, 37.1913, -95.2976, 19869, 645.3]
[48057, Calhoun, Calhoun County, TX, 28.5074, -96.6018, 19868, 506.84]
[48177, Gonzales, Gonzales County, TX, 29.4567, -97.4925, 19851, 1066.69]
[13105, Elbert, Elbert County, GA, 34.1168, -82.8401, 19849, 351.06]
[13303, Washington, Washington County, GA, 32.9695, -82.7959, 19849, 678.45]
[22083, Richland, Richland Parish, LA, 32.4178, -91.7635, 19822, 559.04]
[13091, Dodge, Dodge County, GA, 32.1722, -83.1684, 19805, 495.89]
[13081, Crisp, Crisp County, GA, 31.9229, -83.7681, 19790, 272.58]
[27091, Martin, Martin County, MN, 43.6744, -94.5511, 19780, 712.35]
[18117, Orange, Orange County, IN, 38.5418, -86.495, 19767, 398.39]
[17041, Douglas, Douglas County, IL, 39.7694, -88.2173, 19751, 416.67]
[21155, Marion, Marion County, KY, 37.5525, -85.2696, 19749, 343.01]
[28153, Wayne, Wayne County, MS, 31.6408, -88.6958, 19718, 810.75]
[29217, Vernon, Vernon County, MO, 37.8506, -94.3424, 19687, 826.4]
[21099, Hart, Hart County, KY, 37.2999, -85.8847, 19603, 412.09]
[21231, Wayne, Wayne County, KY, 36.8013, -84.8286, 19602, 458.17]
[40001, Adair, Adair County, OK, 35.8839, -94.6587, 19575, 573.48]
[13171, Lamar, Lamar County, GA, 33.0765, -84.1395, 19571, 183.5]
[22093, St. James, St. James Parish, LA, 30.027, -90.7931, 19528, 241.54]
[12059, Holmes, Holmes County, FL, 30.8679, -85.814, 19513, 478.78]
[5057, Hempstead, Hempstead County, AR, 33.7354, -93.6684, 19508, 727.52]
[55067, Langlade, Langlade County, WI, 45.2623, -89.0719, 19490, 870.64]
[35028, Los Alamos, Los Alamos County, NM, 35.8693, -106.3073, 19435, 109.17]
[6063, Plumas, Plumas County, CA, 40.0046, -120.8385, 19423, 2553.04]
[51027, Buchanan, Buchanan County, VA, 37.2666, -82.036, 19415, 502.76]
[22041, Franklin, Franklin Parish, LA, 32.1333, -91.6738, 19408, 624.59]
[40091, McIntosh, McIntosh County, OK, 35.3736, -95.6668, 19400, 618.5]
[19097, Jackson, Jackson County, IA, 42.1717, -90.5743, 19390, 636.04]
[1099, Monroe, Monroe County, AL, 31.5709, -87.3654, 19388, 1025.68]
[5113, Polk, Polk County, AR, 34.4858, -94.2282, 19361, 857.68]
[24029, Kent, Kent County, MD, 39.2556, -76.039, 19346, 277.03]
[47049, Fentress, Fentress County, TN, 36.3805, -84.9324, 19309, 498.61]
[46005, Beadle, Beadle County, SD, 44.4145, -98.2781, 19309, 1258.71]
[19065, Fayette, Fayette County, IA, 42.8626, -91.8444, 19288, 730.81]
[22037, East Feliciana, East Feliciana Parish, LA, 30.8451, -91.0455, 19271, 453.41]
[18123, Perry, Perry County, IN, 38.0796, -86.638, 19270, 381.73]
[13011, Banks, Banks County, GA, 34.3543, -83.4972, 19264, 232.09]
[55047, Green Lake, Green Lake County, WI, 43.8004, -89.0449, 19263, 349.44]
[47085, Humphreys, Humphreys County, TN, 36.0408, -87.7756, 19214, 530.98]
[20021, Cherokee, Cherokee County, KS, 37.1693, -94.8463, 19151, 587.57]
[21097, Harrison, Harrison County, KY, 38.4418, -84.3314, 19140, 306.36]
[45081, Saluda, Saluda County, SC, 34.006, -81.7266, 19131, 452.78]
[21001, Adair, Adair County, KY, 37.1042, -85.2806, 19089, 405.28]
[12041, Gilchrist, Gilchrist County, FL, 29.7258, -82.8004, 19040, 349.68]
[29157, Perry, Perry County, MO, 37.7072, -89.8244, 18976, 474.35]
[29229, Wright, Wright County, MO, 37.2702, -92.4687, 18965, 681.77]
[35041, Roosevelt, Roosevelt County, NM, 34.0212, -103.48, 18928, 2447.43]
[28131, Stone, Stone County, MS, 30.79, -89.1177, 18894, 445.49]
[27161, Waseca, Waseca County, MN, 44.0221, -93.5873, 18885, 423.36]
[48051, Burleson, Burleson County, TX, 30.4925, -96.6215, 18857, 659.03]
[1091, Marengo, Marengo County, AL, 32.2477, -87.7895, 18851, 976.88]
[5121, Randolph, Randolph County, AR, 36.3415, -91.0276, 18838, 652.19]
[51193, Westmoreland, Westmoreland County, VA, 38.112, -76.8042, 18826, 229.38]
[37199, Yancey, Yancey County, NC, 35.8989, -82.3076, 18797, 312.6]
[37185, Warren, Warren County, NC, 36.3965, -78.1067, 18795, 428.46]
[39125, Paulding, Paulding County, OH, 41.1166, -84.5802, 18791, 416.44]
[6027, Inyo, Inyo County, CA, 36.5111, -117.4107, 18739, 10180.88]
[1107, Pickens, Pickens County, AL, 33.2808, -88.0887, 18721, 881.41]
[1087, Macon, Macon County, AL, 32.3859, -85.6927, 18691, 608.89]
[48035, Bosque, Bosque County, TX, 31.9004, -97.6343, 18687, 982.98]
[28141, Tishomingo, Tishomingo County, MS, 34.7404, -88.2393, 18660, 424.25]
[27055, Houston, Houston County, MN, 43.6714, -91.4929, 18653, 552.06]
[1013, Butler, Butler County, AL, 31.7524, -86.6803, 18630, 776.83]
[48003, Andrews, Andrews County, TX, 32.305, -102.6377, 18610, 1500.71]
[51101, King William, King William County, VA, 37.7066, -77.0885, 18593, 273.94]
[48163, Frio, Frio County, TX, 28.8678, -99.1082, 18582, 1133.5]
[29186, Ste. Genevieve, Ste. Genevieve County, MO, 37.8945, -90.1944, 18571, 499.15]
[19157, Poweshiek, Poweshiek County, IA, 41.6864, -92.5315, 18545, 584.93]
[17033, Crawford, Crawford County, IL, 39.0027, -87.7596, 18511, 443.63]
[13001, Appling, Appling County, GA, 31.7492, -82.2889, 18493, 507.08]
[53055, San Juan, San Juan County, WA, 48.5776, -122.9654, 18478, 173.92]
[55113, Sawyer, Sawyer County, WI, 45.88, -91.1446, 18476, 1257.31]
[48117, Deaf Smith, Deaf Smith County, TX, 34.966, -102.605, 18460, 1496.87]
[20041, Dickinson, Dickinson County, KS, 38.8665, -97.1527, 18445, 847.07]
[5003, Ashley, Ashley County, AR, 33.1912, -91.7685, 18429, 925.35]
[2050, Bethel, Bethel Census Area, AK, 60.9132, -159.8186, 18394, 40570.0]
[28025, Clay, Clay County, MS, 33.6557, -88.7816, 18383, 410.08]
[13183, Long, Long County, GA, 31.7526, -81.7457, 18374, 400.29]
[13019, Berrien, Berrien County, GA, 31.276, -83.2296, 18352, 451.9]
[51570, Colonial Heights, Colonial Heights City, VA, 37.265, -77.3969, 18352, 7.52]
[20087, Jefferson, Jefferson County, KS, 39.2358, -95.3834, 18349, 532.57]
[19031, Cedar, Cedar County, IA, 41.7723, -91.1324, 18349, 579.44]
[8089, Otero, Otero County, CO, 37.9026, -103.7165, 18321, 1261.96]
[13025, Brantley, Brantley County, GA, 31.1969, -81.9819, 18315, 442.36]
[26019, Benzie, Benzie County, MI, 44.6387, -86.0155, 18310, 319.7]
[45049, Hampton, Hampton County, SC, 32.7763, -81.1407, 18254, 559.9]
[5053, Grant, Grant County, AR, 34.29, -92.4237, 18242, 631.81]
[26079, Kalkaska, Kalkaska County, MI, 44.6847, -85.0902, 18239, 559.87]
[21207, Russell, Russell County, KY, 36.9911, -85.0587, 18221, 253.66]
[47091, Johnson, Johnson County, TN, 36.4549, -81.8518, 18196, 298.48]
[22029, Concordia, Concordia Parish, LA, 31.4459, -91.6401, 18174, 696.92]
[28031, Covington, Covington County, MS, 31.6332, -89.5526, 18148, 413.79]
[42093, Montour, Montour County, PA, 41.0279, -76.6586, 18103, 130.24]
[12079, Madison, Madison County, FL, 30.4441, -83.4701, 18089, 695.95]
[29003, Andrew, Andrew County, MO, 39.9835, -94.8021, 18065, 432.7]
[48503, Young, Young County, TX, 33.1766, -98.6878, 18029, 914.47]
[48133, Eastland, Eastland County, TX, 32.3271, -98.8323, 18011, 926.49]
[19059, Dickinson, Dickinson County, IA, 43.378, -95.1508, 17990, 380.61]
[48287, Lee, Lee County, TX, 30.3107, -96.9657, 17971, 629.02]
[51175, Southampton, Southampton County, VA, 36.7204, -77.1062, 17964, 599.15]
[54047, McDowell, McDowell County, WV, 37.3785, -81.6536, 17943, 533.46]
[8093, Park, Park County, CO, 39.1194, -105.7172, 17907, 2193.85]
[47139, Polk, Polk County, TN, 35.1199, -84.5233, 17898, 434.68]
[5135, Sharp, Sharp County, AR, 36.1612, -91.4798, 17773, 604.44]
[47171, Unicoi, Unicoi County, TN, 36.1107, -82.4323, 17756, 186.17]
[29163, Pike, Pike County, MO, 39.3438, -91.1714, 17711, 670.44]
[30067, Park, Park County, MT, 45.4884, -110.5267, 17710, 2803.06]
[37011, Avery, Avery County, NC, 36.0765, -81.9226, 17680, 247.09]
[46065, Hughes, Hughes County, SD, 44.389, -99.996, 17664, 741.56]
[1067, Henry, Henry County, AL, 31.5147, -85.2414, 17647, 561.75]
[31159, Seward, Seward County, NE, 40.8724, -97.1395, 17641, 571.43]
[47023, Chester, Chester County, TN, 35.4217, -88.6135, 17611, 285.74]
[21079, Garrard, Garrard County, KY, 37.6396, -84.5377, 17568, 230.08]
[36097, Schuyler, Schuyler County, NY, 42.3938, -76.8752, 17562, 328.33]
[19055, Delaware, Delaware County, IA, 42.4712, -91.3673, 17558, 577.76]
[29059, Dallas, Dallas County, MO, 37.6804, -93.0237, 17551, 540.77]
[28159, Winston, Winston County, MS, 33.0885, -89.0344, 17536, 607.25]
[13075, Cook, Cook County, GA, 31.154, -83.4305, 17532, 227.16]
[28007, Attala, Attala County, MS, 33.0863, -89.5815, 17526, 734.98]
[51141, Patrick, Patrick County, VA, 36.6783, -80.2844, 17512, 483.1]
[47075, Haywood, Haywood County, TN, 35.5832, -89.2838, 17475, 533.11]
[16049, Idaho, Idaho County, ID, 45.8441, -115.4675, 17432, 8477.35]
[54065, Morgan, Morgan County, WV, 39.5604, -78.2578, 17426, 229.07]
[5087, Madison, Madison County, AR, 36.011, -93.7246, 17329, 834.26]
[5047, Franklin, Franklin County, AR, 35.5124, -93.8906, 17326, 608.86]
[13241, Rabun, Rabun County, GA, 34.8818, -83.402, 17312, 369.99]
[48145, Falls, Falls County, TX, 31.2533, -96.9359, 17291, 765.48]
[32013, Humboldt, Humboldt County, NV, 41.4068, -118.112, 17289, 9640.76]
[17067, Hancock, Hancock County, IL, 40.4037, -91.1647, 17281, 793.73]
[23021, Piscataquis, Piscataquis County, ME, 45.8373, -69.2846, 17263, 3960.86]
[8051, Gunnison, Gunnison County, CO, 38.6667, -107.0316, 17241, 3239.1]
[5089, Marion, Marion County, AR, 36.2684, -92.6842, 17228, 597.01]
[55103, Richland, Richland County, WI, 43.3756, -90.4295, 17205, 586.15]
[37015, Bertie, Bertie County, NC, 36.0663, -76.9788, 17170, 699.27]
[48395, Robertson, Robertson County, TX, 31.027, -96.5129, 17167, 855.68]
[13017, Ben Hill, Ben Hill County, GA, 31.7598, -83.2205, 17089, 250.12]
[6043, Mariposa, Mariposa County, CA, 37.5815, -119.9054, 17082, 1448.82]
[46127, Union, Union County, SD, 42.8325, -96.656, 17081, 460.54]
[12029, Dixie, Dixie County, FL, 29.6086, -83.1587, 17058, 705.05]
[5043, Drew, Drew County, AR, 33.5894, -91.72, 17046, 828.36]
[19043, Clayton, Clayton County, IA, 42.8447, -91.3414, 17013, 778.54]
[17181, Union, Union County, IL, 37.4713, -89.2551, 16997, 413.46]
[8097, Pitkin, Pitkin County, CO, 39.2171, -106.9166, 16985, 970.7]
[51029, Buckingham, Buckingham County, VA, 37.5722, -78.5288, 16976, 579.66]
[21161, Mason, Mason County, KY, 38.5952, -83.8242, 16956, 240.13]
[55065, Lafayette, Lafayette County, WI, 42.6605, -90.1317, 16942, 633.59]
[37131, Northampton, Northampton County, NC, 36.4178, -77.3969, 16931, 536.59]
[19121, Madison, Madison County, IA, 41.3307, -94.0156, 16926, 561.01]
[55013, Burnett, Burnett County, WI, 45.8627, -92.3676, 16916, 821.85]
[28017, Chickasaw, Chickasaw County, MS, 33.9208, -88.9479, 16915, 501.78]
[19171, Tama, Tama County, IA, 42.0798, -92.5326, 16868, 721.01]
[21147, McCreary, McCreary County, KY, 36.7371, -84.4842, 16867, 426.8]
[55129, Washburn, Washburn County, WI, 45.8992, -91.7912, 16854, 797.11]
[51520, Bristol, Bristol City, VA, 36.618, -82.1605, 16849, 13.01]
[41001, Baker, Baker County, OR, 44.7092, -117.6753, 16840, 3068.36]
[29053, Cooper, Cooper County, MO, 38.8435, -92.8101, 16824, 564.77]
[47153, Sequatchie, Sequatchie County, TN, 35.3712, -85.4106, 16809, 265.86]
[51685, Manassas Park, Manassas Park City, VA, 38.7709, -77.4429, 16798, 2.53]
[54041, Lewis, Lewis County, WV, 38.9959, -80.5022, 16740, 384.9]
[18139, Rush, Rush County, IN, 39.62, -85.4658, 16739, 408.12]
[51750, Radford, Radford City, VA, 37.1229, -80.5587, 16726, 9.87]
[17005, Bond, Bond County, IL, 38.8868, -89.4355, 16716, 380.28]
[5067, Jackson, Jackson County, AR, 35.5992, -91.2145, 16712, 633.94]
[17147, Piatt, Piatt County, IL, 40.0103, -88.5911, 16695, 439.2]
[4012, La Paz, La Paz County, AZ, 33.7294, -113.9815, 16664, 4499.63]
[19083, Hardin, Hardin County, IA, 42.3839, -93.2404, 16639, 569.31]
[18045, Fountain, Fountain County, IN, 40.1209, -87.242, 16617, 395.66]
[51011, Appomattox, Appomattox County, VA, 37.3723, -78.8126, 16610, 333.49]
[38077, Richland, Richland County, ND, 46.2646, -96.9483, 16584, 1435.78]
[8003, Alamosa, Alamosa County, CO, 37.5729, -105.7883, 16581, 722.64]
[55007, Bayfield, Bayfield County, WI, 46.5237, -91.2009, 16575, 1477.86]
[51071, Giles, Giles County, VA, 37.3142, -80.7029, 16557, 355.78]
[5037, Cross, Cross County, AR, 35.2957, -90.7711, 16543, 616.38]
[17045, Edgar, Edgar County, IL, 39.6786, -87.7456, 16535, 623.37]
[5001, Arkansas, Arkansas County, AR, 34.2892, -91.3742, 16515, 988.77]
[19095, Iowa, Iowa County, IA, 41.6863, -92.0655, 16507, 586.46]
[48415, Scurry, Scurry County, TX, 32.7463, -100.9164, 16488, 905.44]
[54091, Taylor, Taylor County, WV, 39.336, -80.0462, 16487, 172.77]
[19041, Clay, Clay County, IA, 43.0826, -95.1509, 16461, 567.24]
[17187, Warren, Warren County, IL, 40.8488, -90.615, 16447, 542.41]
[18121, Parke, Parke County, IN, 39.7736, -87.2064, 16406, 444.66]
[27065, Kanabec, Kanabec County, MN, 45.9452, -93.2934, 16390, 521.59]
[13027, Brooks, Brooks County, GA, 30.842, -83.5802, 16293, 493.05]
[19047, Crawford, Crawford County, IA, 42.0372, -95.382, 16277, 714.19]
[48289, Leon, Leon County, TX, 31.2965, -95.9957, 16263, 1073.15]
[31131, Otoe, Otoe County, NE, 40.6485, -96.1348, 16241, 615.63]
[5075, Lawrence, Lawrence County, AR, 36.0412, -91.107, 16238, 587.61]
[20005, Atchison, Atchison County, KS, 39.5318, -95.3135, 16208, 431.17]
[35053, Socorro, Socorro County, NM, 34.0071, -106.9302, 16200, 6646.68]
[28051, Holmes, Holmes County, MS, 33.1235, -90.0921, 16191, 756.7]
[42105, Potter, Potter County, PA, 41.7449, -77.8958, 16188, 1081.32]
[29013, Bates, Bates County, MO, 38.2573, -94.34, 16186, 836.69]
[47181, Wayne, Wayne County, TN, 35.2399, -87.788, 16168, 734.1]
[45061, Lee, Lee County, SC, 34.1633, -80.2545, 16166, 410.18]
[13083, Dade, Dade County, GA, 34.8546, -85.5044, 16165, 173.98]
[21203, Rockcastle, Rockcastle County, KY, 37.3652, -84.316, 16163, 316.55]
[30041, Hill, Hill County, MT, 48.6282, -110.1112, 16155, 2898.96]
[55003, Ashland, Ashland County, WI, 46.3148, -90.6781, 16080, 1045.04]
[21127, Lawrence, Lawrence County, KY, 38.0679, -82.7348, 16077, 415.6]
[28061, Jasper, Jasper County, MS, 32.0191, -89.1189, 16059, 676.24]
[27001, Aitkin, Aitkin County, MN, 46.6082, -93.4155, 16056, 1821.66]
[1057, Fayette, Fayette County, AL, 33.7212, -87.7388, 16053, 627.66]
[55023, Crawford, Crawford County, WI, 43.2395, -90.931, 16042, 570.66]
[47005, Benton, Benton County, TN, 36.0698, -88.0683, 16006, 394.14]
[5141, Van Buren, Van Buren County, AR, 35.5806, -92.5158, 15998, 708.14]
[17191, Wayne, Wayne County, IL, 38.4296, -88.4256, 15973, 713.81]
[16047, Gooding, Gooding County, ID, 42.971, -114.8115, 15931, 728.97]
[13159, Jasper, Jasper County, GA, 33.3165, -83.688, 15929, 368.17]
[21045, Casey, Casey County, KY, 37.3223, -84.9283, 15914, 444.23]
[8049, Grand, Grand County, CO, 40.1026, -106.1183, 15895, 1846.33]
[6105, Trinity, Trinity County, CA, 40.6507, -123.1126, 15860, 3179.25]
[21103, Henry, Henry County, KY, 38.4485, -85.1189, 15856, 286.28]
[51025, Brunswick, Brunswick County, VA, 36.7648, -77.859, 15841, 566.17]
[51830, Williamsburg, Williamsburg City, VA, 37.2693, -76.7076, 15798, 9.02]
[40117, Pawnee, Pawnee County, OK, 36.3169, -96.6992, 15795, 567.96]
[40095, Marshall, Marshall County, OK, 34.0245, -96.7691, 15792, 371.08]
[55077, Marquette, Marquette County, WI, 43.8196, -89.3987, 15746, 455.6]
[20139, Osage, Osage County, KS, 38.6523, -95.7269, 15744, 705.52]
[29143, New Madrid, New Madrid County, MO, 36.5946, -89.6517, 15731, 674.84]
[5133, Sevier, Sevier County, AR, 33.9972, -94.2412, 15712, 565.13]
[19101, Jefferson, Jefferson County, IA, 41.0318, -91.9489, 15705, 435.51]
[12125, Union, Union County, FL, 30.0439, -82.3714, 15701, 243.56]
[20133, Neosho, Neosho County, KS, 37.5585, -95.3068, 15656, 571.47]
[18013, Brown, Brown County, IN, 39.1962, -86.2274, 15606, 311.98]
[17159, Richland, Richland County, IL, 38.7124, -88.0851, 15598, 359.99]
[51135, Nottoway, Nottoway County, VA, 37.143, -78.0512, 15597, 314.39]
[51063, Floyd, Floyd County, VA, 36.9316, -80.3625, 15593, 380.42]
[17015, Carroll, Carroll County, IL, 42.0687, -89.9343, 15576, 444.81]
[13221, Oglethorpe, Oglethorpe County, GA, 33.8807, -83.0807, 15509, 439.01]
[17131, Mercer, Mercer County, IL, 41.2053, -90.7414, 15495, 561.2]
[35057, Torrance, Torrance County, NM, 34.6405, -105.8508, 15490, 3344.85]
[5107, Phillips, Phillips County, AR, 34.4274, -90.8489, 15450, 695.66]
[40073, Kingfisher, Kingfisher County, OK, 35.9454, -97.9421, 15430, 898.16]
[1029, Cleburne, Cleburne County, AL, 33.6745, -85.5188, 15426, 560.1]
[54001, Barbour, Barbour County, WV, 39.133, -80.003, 15424, 341.06]
[18165, Vermillion, Vermillion County, IN, 39.8538, -87.464, 15421, 256.88]
[17039, De Witt, De Witt County, IL, 40.1746, -88.9041, 15373, 397.51]
[27127, Redwood, Redwood County, MN, 44.4037, -95.2538, 15350, 878.57]
[18159, Tipton, Tipton County, IN, 40.3113, -86.0519, 15346, 260.54]
[13163, Jefferson, Jefferson County, GA, 33.0549, -82.4182, 15341, 526.49]
[19067, Floyd, Floyd County, IA, 43.0599, -92.789, 15328, 500.63]
[22125, West Feliciana, West Feliciana Parish, LA, 30.8798, -91.42, 15327, 403.21]
[21069, Fleming, Fleming County, KY, 38.3701, -83.6967, 15323, 348.54]
[28023, Clarke, Clarke County, MS, 32.0414, -88.6894, 15314, 691.55]
[27135, Roseau, Roseau County, MN, 48.7751, -95.8108, 15302, 1671.6]
[51077, Grayson, Grayson County, VA, 36.6565, -81.2249, 15287, 442.18]
[17023, Clark, Clark County, IL, 39.3336, -87.7877, 15266, 501.42]
[29135, Moniteau, Moniteau County, MO, 38.6328, -92.5831, 15262, 415.03]
[46027, Clay, Clay County, SD, 42.9146, -96.9756, 15219, 412.19]
[51043, Clarke, Clarke County, VA, 39.1123, -77.9967, 15216, 176.18]
[26113, Missaukee, Missaukee County, MI, 44.3374, -85.0947, 15207, 564.73]
[29121, Macon, Macon County, MO, 39.8308, -92.5646, 15163, 801.23]
[48239, Jackson, Jackson County, TX, 28.9542, -96.5776, 15152, 829.44]
[1129, Washington, Washington County, AL, 31.4076, -88.2079, 15143, 1080.21]
[12045, Gulf, Gulf County, FL, 29.9565, -85.2263, 15131, 564.01]
[19145, Page, Page County, IA, 40.7391, -95.1502, 15131, 534.94]
[21123, Larue, Larue County, KY, 37.5458, -85.6979, 15107, 261.52]
[12065, Jefferson, Jefferson County, FL, 30.4375, -83.8953, 15091, 598.1]
[26011, Arenac, Arenac County, MI, 44.0655, -83.8952, 15077, 363.19]
[16041, Franklin, Franklin County, ID, 42.1811, -111.8132, 15056, 663.65]
[47007, Bledsoe, Bledsoe County, TN, 35.5964, -85.2051, 15032, 406.43]
[17101, Lawrence, Lawrence County, IL, 38.72, -87.7268, 15031, 372.18]
[27143, Sibley, Sibley County, MN, 44.5795, -94.2321, 15005, 588.78]
[37121, Mitchell, Mitchell County, NC, 36.0133, -82.1636, 14992, 221.43]
[48255, Karnes, Karnes County, TX, 28.9057, -97.8594, 14968, 747.56]
[29155, Pemiscot, Pemiscot County, MO, 36.2114, -89.7854, 14958, 492.54]
[13161, Jeff Davis, Jeff Davis County, GA, 31.8056, -82.6368, 14924, 330.74]
[48371, Pecos, Pecos County, TX, 30.781, -102.7235, 14896, 4763.85]
[19079, Hamilton, Hamilton County, IA, 42.3838, -93.7068, 14886, 576.75]
[22049, Jackson, Jackson Parish, LA, 32.3021, -92.5579, 14884, 569.18]
[51005, Alleghany, Alleghany County, VA, 37.7878, -80.0062, 14859, 445.46]
[1065, Hale, Hale County, AL, 32.7627, -87.6291, 14829, 643.94]
[47015, Cannon, Cannon County, TN, 35.8087, -86.0618, 14818, 265.64]
[22059, LaSalle, LaSalle Parish, LA, 31.6769, -92.1605, 14789, 624.68]
[29073, Gasconade, Gasconade County, MO, 38.4409, -91.5079, 14746, 517.8]
[51125, Nelson, Nelson County, VA, 37.7874, -78.8868, 14732, 470.86]
[21191, Pendleton, Pendleton County, KY, 38.6956, -84.3603, 14723, 277.16]
[51610, Falls Church, Falls Church City, VA, 38.8847, -77.1751, 14710, 2.0]
[31151, Saline, Saline County, NE, 40.5241, -97.1409, 14650, 574.02]
[19085, Harrison, Harrison County, IA, 41.6829, -95.8168, 14632, 696.85]
[29039, Cedar, Cedar County, MO, 37.7238, -93.8566, 14615, 474.48]
[19129, Mills, Mills County, IA, 41.0334, -95.6213, 14568, 437.44]
[27129, Renville, Renville County, MN, 44.7268, -94.9471, 14558, 982.91]
[29065, Dent, Dent County, MO, 37.6066, -91.5079, 14539, 752.79]
[42057, Fulton, Fulton County, PA, 39.9254, -78.1127, 14531, 437.55]
[19109, Kossuth, Kossuth County, IA, 43.2041, -94.2067, 14516, 972.72]
[49037, San Juan, San Juan County, UT, 37.626, -109.8046, 14483, 7819.99]
[25019, Nantucket, Nantucket County, MA, 41.2831, -70.0692, 14483, 44.97]
[17149, Pike, Pike County, IL, 39.6225, -90.8863, 14469, 831.38]
[56007, Carbon, Carbon County, WY, 41.6944, -106.9305, 14463, 7897.58]
[48353, Nolan, Nolan County, TX, 32.3035, -100.406, 14454, 912.0]
[17139, Moultrie, Moultrie County, IL, 39.6415, -88.6193, 14424, 335.94]
[8071, Las Animas, Las Animas County, CO, 37.3158, -104.0387, 14413, 4772.67]
[20011, Bourbon, Bourbon County, KS, 37.8552, -94.8493, 14394, 635.47]
[40005, Atoka, Atoka County, OK, 34.3737, -96.0378, 14379, 975.52]
[29117, Livingston, Livingston County, MO, 39.7821, -93.5483, 14364, 532.33]
[38053, McKenzie, McKenzie County, ND, 47.7402, -103.3953, 14321, 2760.32]
[26053, Gogebic, Gogebic County, MI, 46.4087, -89.6943, 14319, 1101.85]
[21221, Trigg, Trigg County, KY, 36.8064, -87.8733, 14315, 441.43]
[39067, Harrison, Harrison County, OH, 40.2938, -81.0911, 14306, 402.34]
[40035, Craig, Craig County, OK, 36.7618, -95.2085, 14302, 761.35]
[40023, Choctaw, Choctaw County, OK, 34.0266, -95.5522, 14297, 770.36]
[31185, York, York County, NE, 40.8727, -97.5971, 14286, 572.51]
[39121, Noble, Noble County, OH, 39.766, -81.4555, 14282, 398.01]
[5021, Clay, Clay County, AR, 36.3683, -90.4173, 14280, 639.47]
[19023, Butler, Butler County, IA, 42.7316, -92.7902, 14268, 580.13]
[27159, Wadena, Wadena County, MN, 46.5858, -94.9694, 14256, 536.27]
[54031, Hardy, Hardy County, WV, 39.0075, -78.858, 14243, 582.31]
[48059, Callahan, Callahan County, TX, 32.2976, -99.3735, 14241, 899.37]
[1027, Clay, Clay County, AL, 33.269, -85.8605, 14192, 603.96]
[45017, Calhoun, Calhoun County, SC, 33.6749, -80.7803, 14182, 381.15]
[55107, Rusk, Rusk County, WI, 45.4751, -91.1332, 14179, 913.59]
[28129, Smith, Smith County, MS, 32.0177, -89.5067, 14132, 636.25]
[13251, Screven, Screven County, GA, 32.7506, -81.612, 14130, 645.1]
[19141, O'Brien, O'Brien County, IA, 43.0838, -95.6249, 14126, 573.04]
[55099, Price, Price County, WI, 45.6804, -90.3614, 14092, 1254.38]
[19005, Allamakee, Allamakee County, IA, 43.2843, -91.3781, 14092, 639.08]
[54103, Wetzel, Wetzel County, WV, 39.6053, -80.6391, 14078, 358.06]
[21175, Morgan, Morgan County, KY, 37.9223, -83.2589, 14053, 381.13]
[53051, Pend Oreille, Pend Oreille County, WA, 48.5323, -117.274, 14050, 1399.99]
[48455, Trinity, Trinity County, TX, 31.0888, -95.1355, 14046, 693.61]
[51113, Madison, Madison County, VA, 38.4137, -78.2792, 14044, 320.68]
[21065, Estill, Estill County, KY, 37.6924, -83.9643, 14035, 253.08]
[47161, Stewart, Stewart County, TN, 36.5012, -87.8384, 14027, 459.33]
[37173, Swain, Swain County, NC, 35.4868, -83.4928, 14013, 528.0]
[5065, Izard, Izard County, AR, 36.0949, -91.9134, 14009, 580.58]
[48093, Comanche, Comanche County, TX, 31.948, -98.5582, 13950, 937.75]
[47033, Crockett, Crockett County, TN, 35.8135, -89.1395, 13944, 265.54]
[16043, Fremont, Fremont County, ID, 44.2288, -111.4819, 13943, 1863.53]
[18111, Newton, Newton County, IN, 40.9558, -87.3976, 13922, 401.76]
[27043, Faribault, Faribault County, MN, 43.6739, -93.948, 13914, 712.48]
[8007, Archuleta, Archuleta County, CO, 37.1935, -107.0483, 13900, 1350.18]
[17127, Massac, Massac County, IL, 37.2189, -88.7076, 13865, 237.22]
[48505, Zapata, Zapata County, TX, 27.0008, -99.1686, 13841, 998.41]
[28147, Walthall, Walthall County, MS, 31.1484, -90.1061, 13839, 403.94]
[37041, Chowan, Chowan County, NC, 36.1508, -76.6079, 13836, 172.47]
[22027, Claiborne, Claiborne Parish, LA, 32.8227, -92.9958, 13833, 754.88]
[21119, Knott, Knott County, KY, 37.354, -82.9541, 13830, 351.52]
[47061, Grundy, Grundy County, TN, 35.3884, -85.7226, 13819, 360.53]
[27113, Pennington, Pennington County, MN, 48.0662, -96.0367, 13791, 616.57]
[54087, Roane, Roane County, WV, 38.714, -81.3483, 13786, 483.56]
[16079, Shoshone, Shoshone County, ID, 47.3529, -115.8924, 13785, 2629.67]
[2130, Ketchikan Gateway, Ketchikan Gateway Borough, AK, 55.5852, -130.9282, 13768, 4858.41]
[56009, Converse, Converse County, WY, 42.9723, -105.5072, 13762, 4254.88]
[40099, Murray, Murray County, OK, 34.4823, -97.0679, 13753, 416.46]
[51051, Dickenson, Dickenson County, VA, 37.1258, -82.3504, 13733, 330.53]
[1075, Lamar, Lamar County, AL, 33.7791, -88.0969, 13693, 604.85]
[51690, Martinsville, Martinsville City, VA, 36.6827, -79.8636, 13658, 10.96]
[39115, Morgan, Morgan County, OH, 39.6204, -81.8527, 13651, 416.42]
[48313, Madison, Madison County, TX, 30.9655, -95.9284, 13648, 466.07]
[30035, Glacier, Glacier County, MT, 48.7051, -112.9947, 13637, 2995.94]
[17189, Washington, Washington County, IL, 38.3522, -89.4105, 13627, 562.57]
[17193, White, White County, IL, 38.0875, -88.1796, 13619, 494.77]
[12047, Hamilton, Hamilton County, FL, 30.4964, -82.9479, 13616, 513.79]
[28041, Greene, Greene County, MS, 31.2142, -88.6392, 13615, 712.76]
[12013, Calhoun, Calhoun County, FL, 30.406, -85.1972, 13492, 567.33]
[46102, Oglala Lakota, Oglala Lakota County, SD, 43.3355, -102.5516, 13491, 2093.9]
[22127, Winn, Winn Parish, LA, 31.9443, -92.6368, 13467, 950.09]
[51007, Amelia, Amelia County, VA, 37.336, -77.9761, 13462, 355.27]
[17053, Ford, Ford County, IL, 40.5972, -88.2233, 13406, 485.62]
[29151, Osage, Osage County, MO, 38.4604, -91.8618, 13402, 604.35]
[55011, Buffalo, Buffalo County, WI, 44.3798, -91.7545, 13393, 671.64]
[40063, Hughes, Hughes County, OK, 35.0484, -96.2502, 13389, 804.65]
[17087, Johnson, Johnson County, IL, 37.4597, -88.8809, 13376, 343.92]
[26039, Crawford, Crawford County, MI, 44.6837, -84.6103, 13369, 556.28]
[47121, Meigs, Meigs County, TN, 35.5129, -84.8133, 13343, 195.12]
[20085, Jackson, Jackson County, KS, 39.4168, -95.7937, 13341, 656.22]
[49027, Millard, Millard County, UT, 39.0733, -113.1008, 13315, 6572.43]
[30089, Sanders, Sanders County, MT, 47.6748, -115.1333, 13285, 2760.52]
[21025, Breathitt, Breathitt County, KY, 37.5216, -83.3241, 13276, 492.41]
[21225, Union, Union County, KY, 37.6584, -87.9454, 13260, 342.85]
[37143, Perquimans, Perquimans County, NC, 36.2059, -76.4411, 13244, 247.09]
[39111, Monroe, Monroe County, OH, 39.7274, -81.0829, 13227, 455.72]
[26141, Presque Isle, Presque Isle County, MI, 45.3401, -83.918, 13209, 658.72]
[8081, Moffat, Moffat County, CO, 40.6184, -108.2074, 13207, 4743.29]
[16021, Boundary, Boundary County, ID, 48.7669, -116.4629, 13172, 1268.56]
[6051, Mono, Mono County, CA, 37.9391, -118.8868, 13148, 3048.98]
[1041, Crenshaw, Crenshaw County, AL, 31.7315, -86.3136, 13122, 608.84]
[19029, Cass, Cass County, IA, 41.3315, -94.9278, 13096, 564.27]
[21109, Jackson, Jackson County, KY, 37.4198, -84.0058, 13086, 345.2]
[17025, Clay, Clay County, IL, 38.7542, -88.4902, 13052, 468.32]
[45009, Bamberg, Bamberg County, SC, 33.2148, -81.0542, 13042, 393.37]
[21197, Powell, Powell County, KY, 37.8311, -83.8237, 13038, 178.98]
[47101, Lewis, Lewis County, TN, 35.5273, -87.4931, 12992, 282.09]
[21135, Lewis, Lewis County, KY, 38.5315, -83.3781, 12965, 482.84]
[5079, Lincoln, Lincoln County, AR, 33.957, -91.7344, 12950, 561.52]
[28013, Calhoun, Calhoun County, MS, 33.9365, -89.3365, 12922, 586.57]
[13281, Towns, Towns County, GA, 34.9167, -83.7373, 12913, 166.56]
[30003, Big Horn, Big Horn County, MT, 45.4234, -107.4898, 12891, 4995.46]
[21011, Bath, Bath County, KY, 38.145, -83.7427, 12851, 278.79]
[21233, Webster, Webster County, KY, 37.5184, -87.6832, 12842, 331.94]
[48279, Lamb, Lamb County, TX, 34.0686, -102.3517, 12828, 1016.18]
[13049, Charlton, Charlton County, GA, 30.7817, -82.1379, 12818, 773.58]
[49029, Morgan, Morgan County, UT, 41.0893, -111.5732, 12802, 609.2]
[48063, Camp, Camp County, TX, 32.9732, -94.9785, 12798, 195.83]
[19197, Wright, Wright County, IA, 42.7331, -93.7352, 12791, 580.42]
[17017, Cass, Cass County, IL, 39.9735, -90.2474, 12784, 375.82]
[48379, Rains, Rains County, TX, 32.8703, -95.7934, 12775, 229.45]
[30043, Jefferson, Jefferson County, MT, 46.1485, -112.0938, 12774, 1656.26]
[2150, Kodiak Island, Kodiak Island Borough, AK, 57.6791, -153.7992, 12771, 6549.58]
[17125, Mason, Mason County, IL, 40.2396, -89.9168, 12745, 539.24]
[29123, Madison, Madison County, MO, 37.4781, -90.345, 12729, 494.39]
[48389, Reeves, Reeves County, TX, 31.323, -103.693, 12664, 2635.38]
[51735, Poquoson, Poquoson City, VA, 37.1309, -76.3569, 12639, 15.32]
[22013, Bienville, Bienville Parish, LA, 32.3473, -93.0561, 12638, 811.27]
[39163, Vinton, Vinton County, OH, 39.251, -82.4853, 12630, 412.36]
[21033, Caldwell, Caldwell County, KY, 37.1454, -87.8678, 12618, 344.79]
[48487, Wilbarger, Wilbarger County, TX, 34.0808, -99.241, 12616, 970.84]
[56015, Goshen, Goshen County, WY, 42.0879, -104.3533, 12605, 2225.39]
[49023, Juab, Juab County, UT, 39.7027, -112.7848, 12586, 3392.28]
[5061, Howard, Howard County, AR, 34.0889, -93.9936, 12583, 588.55]
[5137, Stone, Stone County, AR, 35.8599, -92.1568, 12568, 606.41]
[28005, Amite, Amite County, MS, 31.1744, -90.8044, 12565, 730.1]
[26085, Lake, Lake County, MI, 43.9901, -85.8016, 12563, 567.37]
[12043, Glades, Glades County, FL, 26.9564, -81.189, 12563, 806.01]
[12037, Franklin, Franklin County, FL, 29.8766, -84.8137, 12553, 534.73]
[16073, Owyhee, Owyhee County, ID, 42.5814, -116.1699, 12503, 7665.51]
[20001, Allen, Allen County, KS, 37.8857, -95.3014, 12483, 500.3]
[21219, Todd, Todd County, KY, 36.8357, -87.1792, 12469, 374.5]
[48031, Blanco, Blanco County, TX, 30.2664, -98.3999, 12446, 709.25]
[18131, Pulaski, Pulaski County, IN, 41.0419, -86.6988, 12441, 433.65]
[13023, Bleckley, Bleckley County, GA, 32.4344, -83.3278, 12430, 215.87]
[16081, Teton, Teton County, ID, 43.7594, -111.2076, 12425, 449.46]
[28161, Yalobusha, Yalobusha County, MS, 34.0282, -89.7077, 12419, 467.13]
[53059, Skamania, Skamania County, WA, 46.023, -121.9147, 12402, 1655.68]
[21031, Butler, Butler County, KY, 37.2073, -86.6816, 12393, 426.09]
[37137, Pamlico, Pamlico County, NC, 35.1434, -76.7407, 12390, 336.54]
[16085, Valley, Valley County, ID, 44.7666, -115.5663, 12389, 3664.52]
[54063, Monroe, Monroe County, WV, 37.5604, -80.5505, 12386, 472.75]
[19075, Grundy, Grundy County, IA, 42.4019, -92.7914, 12384, 501.86]
[1023, Choctaw, Choctaw County, AL, 32.0198, -88.2632, 12380, 913.5]
[27023, Chippewa, Chippewa County, MN, 45.0223, -95.5667, 12377, 581.12]
[21061, Edmonson, Edmonson County, KY, 37.2088, -86.2384, 12355, 302.88]
[35007, Colfax, Colfax County, NM, 36.6061, -104.6468, 12322, 3758.06]
[5049, Fulton, Fulton County, AR, 36.3817, -91.8182, 12302, 618.19]
[41049, Morrow, Morrow County, OR, 45.419, -119.5844, 12300, 2031.61]
[13079, Crawford, Crawford County, GA, 32.7145, -83.9863, 12225, 324.89]
[54007, Braxton, Braxton County, WV, 38.6999, -80.7193, 12208, 510.81]
[51133, Northumberland, Northumberland County, VA, 37.8873, -76.4195, 12188, 191.3]
[19007, Appanoose, Appanoose County, IA, 40.7432, -92.8686, 12184, 497.29]
[19119, Lyon, Lyon County, IA, 43.3805, -96.2102, 12162, 587.65]
[18125, Pike, Pike County, IN, 38.3988, -87.2322, 12154, 334.24]
[21229, Washington, Washington County, KY, 37.7534, -85.1748, 12140, 297.27]
[48115, Dawson, Dawson County, TX, 32.7426, -101.9476, 12134, 900.31]
[17129, Menard, Menard County, IL, 40.0274, -89.8022, 12095, 314.44]
[48351, Newton, Newton County, TX, 30.7863, -93.7448, 12093, 933.68]
[48343, Morris, Morris County, TX, 33.1135, -94.7326, 12076, 251.99]
[51131, Northampton, Northampton County, VA, 37.344, -75.8772, 12059, 211.61]
[47087, Jackson, Jackson County, TN, 36.3592, -85.6732, 12029, 308.32]
[51111, Lunenburg, Lunenburg County, VA, 36.9462, -78.2406, 12016, 431.68]
[19175, Union, Union County, IA, 41.0277, -94.2424, 11993, 423.65]
[29067, Douglas, Douglas County, MO, 36.9326, -92.4988, 11965, 813.63]
[30017, Custer, Custer County, MT, 46.2527, -105.5717, 11961, 3783.36]
[47169, Trousdale, Trousdale County, TN, 36.3921, -86.1568, 11957, 114.19]
[18009, Blackford, Blackford County, IN, 40.4736, -85.3249, 11950, 165.08]
[38079, Rolette, Rolette County, ND, 48.7725, -99.8409, 11924, 903.08]
[8099, Prowers, Prowers County, CO, 37.9552, -102.3934, 11910, 1638.4]
[29133, Mississippi, Mississippi County, MO, 36.8281, -89.2911, 11902, 411.58]
[1119, Sumter, Sumter County, AL, 32.5911, -88.1988, 11878, 903.89]
[13193, Macon, Macon County, GA, 32.3584, -84.0425, 11864, 400.64]
[29115, Linn, Linn County, MO, 39.8702, -93.1072, 11852, 615.56]
[27071, Koochiching, Koochiching County, MN, 48.2453, -93.7834, 11833, 3104.07]
[13271, Telfair, Telfair County, GA, 31.9298, -82.939, 11831, 437.3]
[56003, Big Horn, Big Horn County, WY, 44.5267, -107.9952, 11828, 3137.1]
[5081, Little River, Little River County, AR, 33.7009, -94.2352, 11821, 532.25]
[19037, Chickasaw, Chickasaw County, IA, 43.0601, -92.3177, 11807, 504.38]
[28077, Lawrence, Lawrence County, MS, 31.5502, -90.107, 11786, 430.67]
[19165, Shelby, Shelby County, IA, 41.6851, -95.3102, 11778, 590.78]
[13149, Heard, Heard County, GA, 33.297, -85.1283, 11773, 296.03]
[28135, Tallahatchie, Tallahatchie County, MS, 33.9505, -90.1733, 11764, 645.29]
[20115, Marion, Marion County, KS, 38.3589, -97.0969, 11754, 944.29]
[54089, Summers, Summers County, WV, 37.6559, -80.8586, 11729, 360.46]
[29011, Barton, Barton County, MO, 37.5023, -94.3471, 11690, 591.92]
[30027, Fergus, Fergus County, MT, 47.2636, -109.2245, 11687, 4339.8]
[17061, Greene, Greene County, IL, 39.3562, -90.3905, 11683, 543.02]
[40061, Haskell, Haskell County, OK, 35.2248, -95.1166, 11683, 576.52]
[26071, Iron, Iron County, MI, 46.2087, -88.5305, 11667, 1166.15]
[17123, Marshall, Marshall County, IL, 41.0332, -89.3448, 11647, 386.79]
[48445, Terry, Terry County, TX, 33.1738, -102.3352, 11629, 888.84]
[48297, Live Oak, Live Oak County, TX, 28.3514, -98.1248, 11620, 1039.7]
[48387, Red River, Red River County, TX, 33.6207, -95.0503, 11611, 1036.58]
[37043, Clay, Clay County, NC, 35.0572, -83.7502, 11610, 214.75]
[19035, Cherokee, Cherokee County, IA, 42.7356, -95.6238, 11600, 576.91]
[47039, Decatur, Decatur County, TN, 35.603, -88.1088, 11579, 333.85]
[38071, Ramsey, Ramsey County, ND, 48.2689, -98.7201, 11556, 1186.85]
[35051, Sierra, Sierra County, NM, 33.1305, -107.1924, 11500, 4178.96]
[53043, Lincoln, Lincoln County, WA, 47.5763, -118.4187, 11489, 2310.49]
[27033, Cottonwood, Cottonwood County, MN, 44.0071, -95.1812, 11458, 638.61]
[28111, Perry, Perry County, MS, 31.172, -88.9924, 11449, 647.25]
[29139, Montgomery, Montgomery County, MO, 38.9415, -91.4702, 11426, 536.25]
[51037, Charlotte, Charlotte County, VA, 37.0116, -78.6616, 11422, 475.27]
[27121, Pope, Pope County, MN, 45.586, -95.4445, 11418, 669.71]
[21087, Green, Green County, KY, 37.264, -85.5531, 11369, 286.03]
[21153, Magoffin, Magoffin County, KY, 37.7065, -83.0649, 11348, 308.44]
[21187, Owen, Owen County, KY, 38.5197, -84.8281, 11330, 351.1]
[8105, Rio Grande, Rio Grande County, CO, 37.5825, -106.3832, 11321, 911.96]
[13191, McIntosh, McIntosh County, GA, 31.4963, -81.4103, 11312, 424.3]
[40107, Okfuskee, Okfuskee County, OK, 35.4655, -96.3228, 11278, 618.57]
[1035, Conecuh, Conecuh County, AL, 31.4292, -86.9937, 11275, 850.16]
[51081, Greensville, Greensville County, VA, 36.6759, -77.5596, 11275, 295.23]
[21171, Monroe, Monroe County, KY, 36.7122, -85.7165, 11269, 329.37]
[30083, Richland, Richland County, MT, 47.7879, -104.5614, 11235, 2084.14]
[27165, Watonwan, Watonwan County, MN, 43.9784, -94.6141, 11205, 434.95]
[37005, Alleghany, Alleghany County, NC, 36.4916, -81.127, 11174, 235.06]
[48475, Ward, Ward County, TX, 31.5095, -103.1025, 11144, 835.6]
[16087, Washington, Washington County, ID, 44.4524, -116.7847, 11142, 1452.98]
[17185, Wabash, Wabash County, IL, 38.4461, -87.8443, 11119, 223.25]
[28065, Jefferson Davis, Jefferson Davis County, MS, 31.5697, -89.823, 11117, 408.44]
[30009, Carbon, Carbon County, MT, 45.2274, -109.0281, 11116, 2048.79]
[13005, Bacon, Bacon County, GA, 31.5537, -82.4527, 11109, 258.58]
[13043, Candler, Candler County, GA, 32.4034, -82.0737, 11043, 243.04]
[21159, Martin, Martin County, KY, 37.8016, -82.5132, 11027, 229.61]
[13093, Dooly, Dooly County, GA, 32.1572, -83.7988, 10984, 391.94]
[54023, Grant, Grant County, WV, 39.1051, -79.1956, 10983, 477.37]
[46079, Lake, Lake County, SD, 44.0221, -97.1294, 10972, 563.28]
[26097, Mackinac, Mackinac County, MI, 46.0805, -85.0872, 10957, 1021.57]
[21041, Carroll, Carroll County, KY, 38.6678, -85.1236, 10954, 128.57]
[51103, Lancaster, Lancaster County, VA, 37.7345, -76.4632, 10936, 133.25]
[37029, Camden, Camden County, NC, 36.3891, -76.2079, 10927, 240.56]
[40103, Noble, Noble County, OK, 36.3886, -97.2305, 10897, 731.9]
[27075, Lake, Lake County, MN, 47.6411, -91.4458, 10879, 2109.29]
[29063, DeKalb, DeKalb County, MO, 39.8932, -94.4047, 10876, 421.36]
[29223, Wayne, Wayne County, MO, 37.1126, -90.4614, 10862, 759.18]
[22091, St. Helena, St. Helena Parish, LA, 30.8219, -90.7103, 10858, 408.4]
[51119, Middlesex, Middlesex County, VA, 37.6303, -76.5698, 10847, 130.31]
[40149, Washita, Washita County, OK, 35.2904, -98.9922, 10815, 1003.17]
[37187, Washington, Washington County, NC, 35.8225, -76.5775, 10812, 348.14]
[2185, North Slope, North Slope Borough, AK, 69.3119, -153.4813, 10810, 88695.41]
[40127, Pushmataha, Pushmataha County, OK, 34.4162, -95.3759, 10790, 1395.84]
[5041, Desha, Desha County, AR, 33.8309, -91.2551, 10786, 768.15]
[38003, Barnes, Barnes County, ND, 46.9361, -98.0716, 10773, 1491.55]
[51183, Sussex, Sussex County, VA, 36.9218, -77.2618, 10765, 490.22]
[13109, Evans, Evans County, GA, 32.1568, -81.8869, 10757, 182.85]
[31013, Box Butte, Box Butte County, NE, 42.2197, -103.0857, 10714, 1075.29]
[29181, Ripley, Ripley County, MO, 36.6528, -90.8638, 10708, 629.54]
[19077, Guthrie, Guthrie County, IA, 41.6837, -94.5011, 10688, 590.62]
[19115, Louisa, Louisa County, IA, 41.2185, -91.2596, 10678, 401.77]
[46019, Butte, Butte County, SD, 44.9058, -103.5079, 10676, 2249.9]
[19081, Hancock, Hancock County, IA, 43.0819, -93.7343, 10671, 571.01]
[31037, Colfax, Colfax County, NE, 41.574, -97.0865, 10641, 411.66]
[48159, Franklin, Franklin County, TX, 33.1755, -95.2184, 10632, 284.39]
[51057, Essex, Essex County, VA, 37.9428, -76.9519, 10623, 257.12]
[13099, Early, Early County, GA, 31.3228, -84.9036, 10603, 512.59]
[19189, Winnebago, Winnebago County, IA, 43.3776, -93.7342, 10583, 400.49]
[19131, Mitchell, Mitchell County, IA, 43.3564, -92.789, 10575, 469.13]
[29017, Bollinger, Bollinger County, MO, 37.3222, -90.0259, 10559, 617.91]
[31145, Red Willow, Red Willow County, NE, 40.1758, -100.4769, 10557, 716.99]
[30085, Roosevelt, Roosevelt County, MT, 48.2945, -105.0164, 10526, 2354.79]
[31041, Custer, Custer County, NE, 41.3943, -99.7262, 10518, 2575.52]
[18025, Crawford, Crawford County, IN, 38.2924, -86.4517, 10499, 305.64]
[48077, Clay, Clay County, TX, 33.7855, -98.2085, 10495, 1088.72]
[29173, Ralls, Ralls County, MO, 39.5277, -91.522, 10428, 469.78]
[21169, Metcalfe, Metcalfe County, KY, 36.9905, -85.6292, 10425, 289.65]
[26001, Alcona, Alcona County, MI, 44.6854, -83.5938, 10397, 674.59]
[38099, Walsh, Walsh County, ND, 48.3695, -97.7213, 10396, 1281.93]
[37073, Gates, Gates County, NC, 36.4449, -76.7005, 10376, 340.45]
[17035, Cumberland, Cumberland County, IL, 39.2733, -88.2402, 10334, 346.02]
[1037, Coosa, Coosa County, AL, 32.9362, -86.2477, 10300, 650.93]
[40069, Johnston, Johnston County, OK, 34.3165, -96.6606, 10278, 642.94]
[40085, Love, Love County, OK, 33.9499, -97.2441, 10261, 514.0]
[13173, Lanier, Lanier County, GA, 31.0379, -83.0628, 10221, 185.26]
[46109, Roberts, Roberts County, SD, 45.6296, -96.9461, 10221, 1101.04]
[19137, Montgomery, Montgomery County, IA, 41.0301, -95.1564, 10214, 424.1]
[5011, Bradley, Bradley County, AR, 33.4664, -92.1624, 10208, 649.23]
[1131, Wilcox, Wilcox County, AL, 31.9893, -87.3082, 10172, 888.5]
[20131, Nemaha, Nemaha County, KS, 39.7834, -96.0141, 10160, 717.43]
[29089, Howard, Howard County, MO, 39.1425, -92.6963, 10147, 463.85]
[16009, Benewah, Benewah County, ID, 47.2176, -116.6587, 10142, 776.62]
[5109, Pike, Pike County, AR, 34.1635, -93.6564, 10115, 600.62]
[31089, Holt, Holt County, NE, 42.4557, -98.7838, 10102, 2412.4]
[5105, Perry, Perry County, AR, 34.9475, -92.9313, 10101, 551.4]
[21131, Leslie, Leslie County, KY, 37.0941, -83.3811, 10079, 400.84]
[1011, Bullock, Bullock County, AL, 32.1005, -85.7157, 10058, 622.81]
[49015, Emery, Emery County, UT, 38.9967, -110.7006, 10046, 4462.31]
[28103, Noxubee, Noxubee County, MS, 33.1102, -88.5698, 10025, 695.14]
[48403, Sabine, Sabine County, TX, 31.3432, -93.8518, 10023, 491.39]
[20117, Marshall, Marshall County, KS, 39.7836, -96.5229, 9993, 900.18]
[8125, Yuma, Yuma County, CO, 40.0029, -102.4243, 9979, 2364.41]
[28155, Webster, Webster County, MS, 33.6131, -89.2848, 9972, 420.94]
[19069, Franklin, Franklin County, IA, 42.7325, -93.2625, 9956, 581.97]
[13235, Pulaski, Pulaski County, GA, 32.2323, -83.476, 9939, 249.03]
[27063, Jackson, Jackson County, MN, 43.6742, -95.1541, 9933, 702.98]
[19107, Keokuk, Keokuk County, IA, 41.3365, -92.1786, 9924, 579.18]
[29111, Lewis, Lewis County, MO, 40.0969, -91.7221, 9924, 505.04]
[18155, Switzerland, Switzerland County, IN, 38.8262, -85.0369, 9909, 220.63]
[48399, Runnels, Runnels County, TX, 31.8311, -99.9762, 9874, 1050.95]
[2180, Nome, Nome Census Area, AK, 64.9111, -164.0274, 9866, 22961.76]
[31179, Wayne, Wayne County, NE, 42.2093, -97.1193, 9844, 442.92]
[1085, Lowndes, Lowndes County, AL, 32.1547, -86.6501, 9833, 715.91]
[18101, Martin, Martin County, IN, 38.708, -86.8031, 9830, 335.74]
[38055, McLean, McLean County, ND, 47.6069, -101.3218, 9823, 2110.88]
[51049, Cumberland, Cumberland County, VA, 37.5121, -78.245, 9818, 297.46]
[5127, Scott, Scott County, AR, 34.8607, -94.0633, 9816, 892.32]
[19025, Calhoun, Calhoun County, IA, 42.3852, -94.6404, 9803, 569.97]
[29079, Grundy, Grundy County, MO, 40.1139, -93.5653, 9787, 435.28]
[48357, Ochiltree, Ochiltree County, TX, 36.2784, -100.8157, 9786, 917.63]
[20107, Linn, Linn County, KS, 38.2123, -94.843, 9767, 594.06]
[5017, Chicot, Chicot County, AR, 33.267, -91.2937, 9765, 644.3]
[45065, McCormick, McCormick County, SC, 33.8995, -82.3099, 9760, 359.13]
[49019, Grand, Grand County, UT, 38.982, -109.5698, 9754, 3671.54]
[27151, Swift, Swift County, MN, 45.2827, -95.6815, 9748, 742.08]
[48131, Duval, Duval County, TX, 27.6814, -98.5089, 9742, 1793.48]
[27149, Stevens, Stevens County, MN, 45.5861, -96.0003, 9739, 563.6]
[48315, Marion, Marion County, TX, 32.798, -94.3572, 9737, 380.88]
[48369, Parmer, Parmer County, TX, 34.5301, -102.7845, 9731, 880.78]
[30001, Beaverhead, Beaverhead County, MT, 45.1327, -112.8988, 9713, 5541.62]
[48425, Somervell, Somervell County, TX, 32.2222, -97.7746, 9691, 186.46]
[19161, Sac, Sac County, IA, 42.3862, -95.1054, 9689, 575.01]
[28015, Carroll, Carroll County, MS, 33.4485, -89.9202, 9686, 628.24]
[19039, Clarke, Clarke County, IA, 41.029, -93.7852, 9662, 431.17]
[27133, Rock, Rock County, MN, 43.6747, -96.2532, 9621, 482.46]
[28097, Montgomery, Montgomery County, MS, 33.4941, -89.6164, 9602, 406.98]
[30023, Deer Lodge, Deer Lodge County, MT, 46.0608, -113.0678, 9597, 736.53]
[19091, Humboldt, Humboldt County, IA, 42.7765, -94.2072, 9591, 434.35]
[29185, St. Clair, St. Clair County, MO, 38.0372, -93.776, 9587, 669.98]
[13317, Wilkes, Wilkes County, GA, 33.782, -82.7432, 9549, 469.49]
[31033, Cheyenne, Cheyenne County, NE, 41.2198, -102.995, 9533, 1196.29]
[40077, Latimer, Latimer County, OK, 34.876, -95.2504, 9518, 722.08]
[26119, Montmorency, Montmorency County, MI, 45.0276, -84.1272, 9516, 546.66]
[22065, Madison, Madison Parish, LA, 32.3644, -91.2427, 9513, 624.44]
[38061, Mountrail, Mountrail County, ND, 48.2013, -102.3557, 9507, 1825.3]
[48043, Brewster, Brewster County, TX, 29.8119, -103.2517, 9503, 6183.73]
[22021, Caldwell, Caldwell Parish, LA, 32.0925, -92.1166, 9500, 529.43]
[28143, Tunica, Tunica County, MS, 34.6507, -90.375, 9475, 454.67]
[22123, West Carroll, West Carroll Parish, LA, 32.7885, -91.4568, 9464, 359.65]
[31081, Hamilton, Hamilton County, NE, 40.873, -98.0229, 9464, 542.88]
[27173, Yellow Medicine, Yellow Medicine County, MN, 44.7162, -95.8684, 9451, 759.1]
[29093, Iron, Iron County, MO, 37.5552, -90.7735, 9446, 550.26]
[19089, Howard, Howard County, IA, 43.3568, -92.3172, 9445, 473.25]
[40105, Nowata, Nowata County, OK, 36.7985, -95.6174, 9435, 565.78]
[48507, Zavala, Zavala County, TX, 28.8662, -99.7605, 9412, 1297.41]
[4011, Greenlee, Greenlee County, AZ, 33.2152, -109.2402, 9409, 1843.13]
[55041, Forest, Forest County, WI, 45.6673, -88.7704, 9369, 1014.07]
[48429, Stephens, Stephens County, TX, 32.7359, -98.8362, 9351, 896.72]
[20159, Rice, Rice County, KS, 38.3472, -98.201, 9350, 726.24]
[20013, Brown, Brown County, KS, 39.8265, -95.5642, 9343, 570.87]
[37103, Jones, Jones County, NC, 35.0217, -77.3552, 9302, 470.71]
[13155, Irwin, Irwin County, GA, 31.6022, -83.2764, 9285, 354.34]
[27117, Pipestone, Pipestone County, MN, 44.023, -96.2586, 9284, 465.06]
[46023, Charles Mix, Charles Mix County, SD, 43.2079, -98.5879, 9281, 1097.49]
[19063, Emmet, Emmet County, IA, 43.3781, -94.6785, 9262, 395.88]
[8019, Clear Creek, Clear Creek County, CO, 39.6891, -105.6444, 9262, 395.23]
[46121, Todd, Todd County, SD, 43.1934, -100.7184, 9244, 1388.56]
[30057, Madison, Madison County, MT, 45.3007, -111.9203, 9223, 3587.48]
[21053, Clinton, Clinton County, KY, 36.7274, -85.1362, 9202, 197.25]
[13167, Johnson, Johnson County, GA, 32.7015, -82.6601, 9190, 303.01]
[30095, Stillwater, Stillwater County, MT, 45.669, -109.3952, 9182, 1795.35]
[17079, Jasper, Jasper County, IL, 39.0101, -88.1538, 9180, 494.51]
[19051, Davis, Davis County, IA, 40.7477, -92.4097, 9157, 502.19]
[13253, Seminole, Seminole County, GA, 30.9388, -84.8688, 9156, 235.23]
[20151, Pratt, Pratt County, KS, 37.6477, -98.7396, 9127, 735.05]
[21149, McLean, McLean County, KY, 37.5292, -87.2636, 9114, 252.47]
[51159, Richmond, Richmond County, VA, 37.9426, -76.7252, 9095, 191.49]
[21091, Hancock, Hancock County, KY, 37.8415, -86.7779, 9034, 187.65]
[48335, Mitchell, Mitchell County, TX, 32.3062, -100.9211, 9018, 911.09]
[16035, Clearwater, Clearwater County, ID, 46.6736, -115.6567, 9012, 2457.27]
[31137, Phelps, Phelps County, NE, 40.5111, -99.4145, 9009, 539.79]
[21055, Crittenden, Crittenden County, KY, 37.3527, -88.0972, 8979, 359.95]
[31039, Cuming, Cuming County, NE, 41.9164, -96.7874, 8975, 570.62]
[13287, Turner, Turner County, GA, 31.7164, -83.6241, 8939, 285.39]
[29025, Caldwell, Caldwell County, MO, 39.6557, -93.9827, 8927, 426.39]
[27089, Marshall, Marshall County, MN, 48.3581, -96.3685, 8909, 1775.07]
[21139, Livingston, Livingston County, KY, 37.2096, -88.3537, 8903, 313.13]
[21143, Lyon, Lyon County, KY, 37.0191, -88.0832, 8900, 213.84]
[20029, Cloud, Cloud County, KS, 39.4803, -97.6492, 8898, 715.34]
[46033, Custer, Custer County, SD, 43.6776, -103.4515, 8892, 1557.0]
[13053, Chattahoochee, Chattahoochee County, GA, 32.347, -84.787, 8887, 248.74]
[48237, Jack, Jack County, TX, 33.2335, -98.1725, 8882, 910.66]
[46125, Turner, Turner County, SD, 43.3109, -97.1487, 8882, 617.06]
[29153, Ozark, Ozark County, MO, 36.6493, -92.4447, 8873, 744.97]
[48009, Archer, Archer County, TX, 33.6153, -98.6877, 8867, 903.11]
[19147, Palo Alto, Palo Alto County, IA, 43.0821, -94.6781, 8863, 563.84]
[13273, Terrell, Terrell County, GA, 31.777, -84.437, 8850, 335.44]
[56035, Sublette, Sublette County, WY, 42.7669, -109.9147, 8838, 4886.54]
[30021, Dawson, Dawson County, MT, 47.2664, -104.8995, 8827, 2371.87]
[13315, Wilcox, Wilcox County, GA, 31.9729, -83.4323, 8798, 377.71]
[21077, Gallatin, Gallatin County, KY, 38.7569, -84.8593, 8769, 101.23]
[26003, Alger, Alger County, MI, 46.4086, -86.604, 8762, 915.07]
[13319, Wilkinson, Wilkinson County, GA, 32.8024, -83.1712, 8747, 447.31]
[32033, White Pine, White Pine County, NV, 39.4421, -114.9017, 8735, 8875.65]
[18007, Benton, Benton County, IN, 40.6063, -87.3109, 8735, 406.42]
[29137, Monroe, Monroe County, MO, 39.4954, -92.0007, 8734, 647.65]
[28069, Kemper, Kemper County, MS, 32.7546, -88.6412, 8729, 766.18]
[19117, Lucas, Lucas County, IA, 41.0294, -93.3277, 8716, 430.59]
[13165, Jenkins, Jenkins County, GA, 32.7924, -81.9635, 8711, 347.28]
[47135, Perry, Perry County, TN, 35.6426, -87.859, 8697, 414.73]
[19073, Greene, Greene County, IA, 42.0363, -94.3968, 8688, 569.57]
[56019, Johnson, Johnson County, WY, 44.0388, -106.5847, 8686, 4154.15]
[29149, Oregon, Oregon County, MO, 36.6867, -91.4033, 8673, 789.8]
[13141, Hancock, Hancock County, GA, 33.2704, -83.0007, 8650, 471.84]
[13209, Montgomery, Montgomery County, GA, 32.1734, -82.5348, 8640, 239.52]
[27029, Clearwater, Clearwater County, MN, 47.5777, -95.379, 8616, 998.94]
[56031, Platte, Platte County, WY, 42.1331, -104.9659, 8612, 2084.21]
[6049, Modoc, Modoc County, CA, 41.5898, -120.725, 8600, 3917.77]
[40151, Woods, Woods County, OK, 36.7669, -98.8651, 8596, 1286.45]
[29085, Hickory, Hickory County, MO, 37.9408, -93.3207, 8585, 399.09]
[22025, Catahoula, Catahoula Parish, LA, 31.6662, -91.847, 8583, 708.03]
[28021, Claiborne, Claiborne County, MS, 31.9737, -90.9118, 8582, 487.41]
[40011, Blaine, Blaine County, OK, 35.8752, -98.4334, 8570, 928.42]
[35037, Quay, Quay County, NM, 35.1043, -103.5498, 8564, 2874.35]
[19133, Monona, Monona County, IA, 42.0516, -95.9599, 8557, 694.07]
[5097, Montgomery, Montgomery County, AR, 34.5389, -93.6596, 8553, 779.88]
[21223, Trimble, Trimble County, KY, 38.613, -85.3375, 8550, 151.65]
[51115, Mathews, Mathews County, VA, 37.4353, -76.3438, 8540, 85.93]
[20205, Wilson, Wilson County, KS, 37.5593, -95.7434, 8505, 570.42]
[29061, Daviess, Daviess County, MO, 39.9608, -93.9855, 8477, 563.24]
[18171, Warren, Warren County, IN, 40.3469, -87.3533, 8464, 364.68]
[29125, Maries, Maries County, MO, 38.1616, -91.9249, 8450, 526.98]
[21023, Bracken, Bracken County, KY, 38.6888, -84.0901, 8444, 205.61]
[26135, Oscoda, Oscoda County, MI, 44.6818, -84.1298, 8425, 565.73]
[31023, Butler, Butler County, NE, 41.2261, -97.1318, 8424, 584.91]
[29033, Carroll, Carroll County, MO, 39.427, -93.5052, 8411, 694.62]
[48193, Hamilton, Hamilton County, TX, 31.7048, -98.1107, 8406, 835.91]
[40075, Kiowa, Kiowa County, OK, 34.9164, -98.9809, 8383, 1015.23]
[48127, Dimmit, Dimmit County, TX, 28.4226, -99.7566, 8380, 1328.88]
[2220, Sitka, Sitka City and Borough, AK, 57.2424, -135.3145, 8368, 2870.34]
[31107, Knox, Knox County, NE, 42.6368, -97.8919, 8363, 1108.35]
[5077, Lee, Lee County, AR, 34.7805, -90.7808, 8359, 602.62]
[47083, Houston, Houston County, TN, 36.286, -87.7171, 8353, 200.29]
[38057, Mercer, Mercer County, ND, 47.3092, -101.8315, 8337, 1042.96]
[13003, Atkinson, Atkinson County, GA, 31.2971, -82.88, 8337, 339.38]
[31027, Cedar, Cedar County, NE, 42.5993, -97.2524, 8315, 740.31]
[20031, Coffey, Coffey County, KS, 38.2369, -95.7341, 8308, 626.95]
[54085, Ritchie, Ritchie County, WV, 39.1783, -81.063, 8286, 451.99]
[16015, Boise, Boise County, ID, 43.9892, -115.7303, 8273, 1899.24]
[41037, Lake, Lake County, OR, 42.7935, -120.3874, 8267, 8138.98]
[51620, Franklin, Franklin City, VA, 36.6831, -76.9386, 8250, 8.21]
[16059, Lemhi, Lemhi County, ID, 44.9433, -113.9333, 8249, 4563.39]
[31101, Keith, Keith County, NE, 41.1988, -101.6615, 8219, 1061.6]
[26013, Baraga, Baraga County, MI, 46.6626, -88.3652, 8191, 898.26]
[29081, Harrison, Harrison County, MO, 40.3547, -93.992, 8190, 722.5]
[2158, Kusilvak, Kusilvak Census Area, AK, 62.1547, -163.3812, 8176, 17081.43]
[49025, Kane, Kane County, UT, 37.2851, -111.8878, 8170, 3990.23]
[30087, Rosebud, Rosebud County, MT, 46.2297, -106.7307, 8165, 5010.4]
[28157, Wilkinson, Wilkinson County, MS, 31.1611, -91.3109, 8162, 678.11]
[12067, Lafayette, Lafayette County, FL, 29.9855, -83.1811, 8161, 543.41]
[5099, Nevada, Nevada County, AR, 33.664, -93.3072, 8159, 617.84]
[54101, Webster, Webster County, WV, 38.4947, -80.4219, 8144, 553.47]
[31045, Dawes, Dawes County, NE, 42.7197, -103.1354, 8140, 1396.46]
[16077, Power, Power County, ID, 42.6937, -112.8407, 8133, 1404.24]
[26153, Schoolcraft, Schoolcraft County, MI, 46.1966, -86.1996, 8128, 1171.36]
[28019, Choctaw, Choctaw County, MS, 33.3473, -89.2484, 8118, 418.18]
[27101, Murray, Murray County, MN, 44.0221, -95.7633, 8097, 704.7]
[37075, Graham, Graham County, NC, 35.3502, -83.8335, 8072, 292.08]
[54095, Tyler, Tyler County, WV, 39.4653, -80.8848, 8064, 256.29]
[5117, Prairie, Prairie County, AR, 34.8298, -91.5528, 8064, 647.96]
[20027, Clay, Clay County, KS, 39.3497, -97.1652, 8048, 645.3]
[1105, Perry, Perry County, AL, 32.6385, -87.2944, 8031, 719.66]
[38097, Traill, Traill County, ND, 47.4542, -97.1616, 7970, 861.95]
[8113, San Miguel, San Miguel County, CO, 38.0038, -108.4059, 7968, 1286.61]
[17065, Hamilton, Hamilton County, IL, 38.0816, -88.5391, 7916, 434.67]
[20193, Thomas, Thomas County, KS, 39.3509, -101.0556, 7885, 1074.69]
[48405, San Augustine, San Augustine County, TX, 31.3942, -94.1682, 7874, 530.66]
[5129, Searcy, Searcy County, AR, 35.911, -92.6995, 7859, 666.1]
[13181, Lincoln, Lincoln County, GA, 33.7936, -82.4512, 7854, 210.38]
[54015, Clay, Clay County, WV, 38.4625, -81.0751, 7835, 341.9]
[20003, Anderson, Anderson County, KS, 38.2142, -95.2933, 7834, 579.65]
[48083, Coleman, Coleman County, TX, 31.7732, -99.4536, 7833, 1261.95]
[13289, Twiggs, Twiggs County, GA, 32.6672, -83.4271, 7803, 358.4]
[13269, Taylor, Taylor County, GA, 32.5555, -84.2505, 7786, 376.69]
[54075, Pocahontas, Pocahontas County, WV, 38.3318, -80.0078, 7784, 940.28]
[19053, Decatur, Decatur County, IA, 40.7377, -93.7863, 7759, 531.88]
[31147, Richardson, Richardson County, NE, 40.125, -95.7175, 7751, 551.84]
[31121, Merrick, Merrick County, NE, 41.169, -98.038, 7724, 484.88]
[54017, Doddridge, Doddridge County, WV, 39.2692, -80.707, 7711, 319.72]
[21181, Nicholas, Nicholas County, KY, 38.3356, -84.0153, 7708, 195.17]
[56043, Washakie, Washakie County, WY, 43.905, -107.6828, 7703, 2238.55]
[12077, Liberty, Liberty County, FL, 30.2414, -84.8829, 7687, 835.56]
[47027, Clay, Clay County, TN, 36.5511, -85.5439, 7670, 236.54]
[30007, Broadwater, Broadwater County, MT, 46.3324, -111.4955, 7668, 1192.54]
[45005, Allendale, Allendale County, SC, 32.9881, -81.3582, 7661, 408.09]
[21007, Ballard, Ballard County, KY, 37.0585, -88.9995, 7654, 246.66]
[29057, Dade, Dade County, MO, 37.4321, -93.8503, 7641, 490.01]
[40093, Major, Major County, OK, 36.3116, -98.5359, 7628, 954.99]
[28037, Franklin, Franklin County, MS, 31.4772, -90.8979, 7622, 563.78]
[28009, Benton, Benton County, MS, 34.8173, -89.1885, 7589, 406.62]
[48501, Yoakum, Yoakum County, TX, 33.173, -102.8278, 7571, 799.71]
[46051, Grant, Grant County, SD, 45.1719, -96.7677, 7563, 681.46]
[41063, Wallowa, Wallowa County, OR, 45.5799, -117.181, 7553, 3146.19]
[8021, Conejos, Conejos County, CO, 37.2007, -106.1916, 7530, 1287.39]
[51678, Lexington, Lexington City, VA, 37.7825, -79.444, 7525, 2.5]
[54073, Pleasants, Pleasants County, WV, 39.3709, -81.1606, 7521, 130.1]
[30105, Valley, Valley County, MT, 48.3653, -106.6675, 7519, 4925.82]
[48307, McCulloch, McCulloch County, TX, 31.1989, -99.3475, 7514, 1065.6]
[19135, Monroe, Monroe County, IA, 41.0298, -92.869, 7513, 433.72]
[13197, Marion, Marion County, GA, 32.3535, -84.5246, 7509, 366.0]
[20043, Doniphan, Doniphan County, KS, 39.7881, -95.1468, 7503, 393.41]
[41025, Harney, Harney County, OR, 43.0641, -118.968, 7499, 10133.17]
[19001, Adair, Adair County, IA, 41.3307, -94.471, 7460, 569.27]
[56011, Crook, Crook County, WY, 44.5885, -104.5699, 7455, 2854.41]
[48495, Winkler, Winkler County, TX, 31.8501, -103.0483, 7454, 841.11]
[5025, Cleveland, Cleveland County, AR, 33.8984, -92.1852, 7453, 597.78]
[50013, Grand Isle, Grand Isle County, VT, 44.7981, -73.2948, 7450, 81.81]
[22081, Red River, Red River Parish, LA, 32.0931, -93.3398, 7443, 389.09]
[2188, Northwest Arctic, Northwest Arctic Borough, AK, 67.0598, -159.7062, 7441, 35572.58]
[55091, Pepin, Pepin County, WI, 44.5829, -92.0015, 7431, 231.98]
[51157, Rappahannock, Rappahannock County, VA, 38.6848, -78.1592, 7427, 266.23]
[1063, Greene, Greene County, AL, 32.8531, -87.9522, 7424, 647.11]
[46067, Hutchinson, Hutchinson County, SD, 43.3349, -97.7544, 7404, 812.9]
[28053, Humphreys, Humphreys County, MS, 33.1287, -90.5266, 7395, 418.49]
[29041, Chariton, Chariton County, MO, 39.5151, -92.9626, 7390, 751.18]
[53019, Ferry, Ferry County, WA, 48.4703, -118.5166, 7387, 2203.16]
[8065, Lake, Lake County, CO, 39.2025, -106.3448, 7380, 376.91]
[19195, Worth, Worth County, IA, 43.3774, -93.2609, 7350, 400.12]
[48069, Castro, Castro County, TX, 34.5299, -102.2617, 7344, 894.43]
[21129, Lee, Lee County, KY, 37.5948, -83.7162, 7339, 208.86]
[13309, Wheeler, Wheeler County, GA, 32.117, -82.7246, 7335, 295.48]
[31139, Pierce, Pierce County, NE, 42.2644, -97.6013, 7325, 573.25]
[21063, Elliott, Elliott County, KY, 38.1179, -83.0976, 7307, 234.32]
[48111, Dallam, Dallam County, TX, 36.2779, -102.6022, 7298, 1503.26]
[54021, Gilmer, Gilmer County, WV, 38.9241, -80.8571, 7288, 338.5]
[49001, Beaver, Beaver County, UT, 38.357, -113.2355, 7273, 2589.88]
[46047, Fall River, Fall River County, SD, 43.2394, -103.5275, 7258, 1739.92]
[19177, Van Buren, Van Buren County, IA, 40.7532, -91.95, 7241, 484.79]
[20067, Grant, Grant County, KS, 37.5623, -101.308, 7229, 574.8]
[41023, Grant, Grant County, OR, 44.4916, -119.0073, 7209, 4528.54]
[20095, Kingman, Kingman County, KS, 37.5589, -98.1363, 7186, 863.36]
[29203, Shannon, Shannon County, MO, 37.1574, -91.4005, 7177, 1003.82]
[16029, Caribou, Caribou County, ID, 42.7705, -111.5623, 7162, 1764.15]
[31095, Jefferson, Jefferson County, NE, 40.1757, -97.1427, 7161, 570.19]
[48175, Goliad, Goliad County, TX, 28.6571, -97.4264, 7141, 852.01]
[5101, Newton, Newton County, AR, 35.92, -93.2179, 7112, 820.9]
[22035, East Carroll, East Carroll Parish, LA, 32.7325, -91.235, 7072, 420.7]
[2240, Southeast Fairbanks, Southeast Fairbanks Census Area, AK, 63.8762, -143.213, 7068, 24768.81]
[28063, Jefferson, Jefferson County, MS, 31.7342, -91.0373, 7068, 519.93]
[30077, Powell, Powell County, MT, 46.8564, -112.9361, 7053, 2326.39]
[19151, Pocahontas, Pocahontas County, IA, 42.7342, -94.6787, 7046, 577.24]
[31127, Nemaha, Nemaha County, NE, 40.3876, -95.8498, 7046, 407.38]
[46009, Bon Homme, Bon Homme County, SD, 42.9885, -97.8846, 7044, 563.7]
[8063, Kit Carson, Kit Carson County, CO, 39.3055, -102.603, 7023, 2160.82]
[20197, Wabaunsee, Wabaunsee County, KS, 38.9533, -96.205, 7009, 794.3]
[18161, Union, Union County, IN, 39.6256, -84.9252, 6985, 161.22]
[8055, Huerfano, Huerfano County, CO, 37.6847, -104.9606, 6972, 1591.0]
[30005, Blaine, Blaine County, MT, 48.4327, -108.9586, 6949, 4227.55]
[48047, Brooks, Brooks County, TX, 27.0316, -98.2187, 6943, 943.36]
[48437, Swisher, Swisher County, TX, 34.5304, -101.735, 6937, 890.16]
[48017, Bailey, Bailey County, TX, 34.0686, -102.8299, 6913, 826.8]
[19093, Ida, Ida County, IA, 42.3869, -95.5135, 6911, 431.51]
[40141, Tillman, Tillman County, OK, 34.3728, -98.9242, 6910, 871.13]
[2063, Chugach, Chugach Census Area, AK, 60.7233, -145.7583, 6862, 0.0]
[47067, Hancock, Hancock County, TN, 36.5236, -83.2219, 6852, 222.34]
[48283, La Salle, La Salle County, TX, 28.3452, -99.0996, 6839, 1486.69]
[56045, Weston, Weston County, WY, 43.8404, -104.5677, 6826, 2398.09]
[17169, Schuyler, Schuyler County, IL, 40.158, -90.6151, 6787, 437.27]
[13065, Clinch, Clinch County, GA, 30.915, -82.7063, 6759, 800.22]
[48075, Childress, Childress County, TX, 34.5291, -100.2076, 6743, 696.41]
[31021, Burt, Burt County, NE, 41.8515, -96.3286, 6740, 491.58]
[38067, Pembina, Pembina County, ND, 48.7675, -97.5518, 6727, 1118.69]
[51640, Galax, Galax City, VA, 36.666, -80.9176, 6726, 8.24]
[42053, Forest, Forest County, PA, 41.513, -79.236, 6715, 427.19]
[31099, Kearney, Kearney County, NE, 40.5067, -98.948, 6713, 516.24]
[48391, Refugio, Refugio County, TX, 28.3253, -97.1656, 6707, 770.44]
[51097, King and Queen, King and Queen County, VA, 37.7186, -76.8953, 6695, 315.14]
[27073, Lac qui Parle, Lac qui Parle County, MN, 44.9955, -96.1735, 6682, 765.02]
[20167, Russell, Russell County, KS, 38.9148, -98.7624, 6679, 886.26]
[29045, Clark, Clark County, MO, 40.4103, -91.7384, 6675, 504.69]
[47127, Moore, Moore County, TN, 35.2846, -86.3587, 6674, 129.22]
[54093, Tucker, Tucker County, WV, 39.1136, -79.565, 6654, 418.92]
[16007, Bear Lake, Bear Lake County, ID, 42.2848, -111.3297, 6650, 974.79]
[31173, Thurston, Thurston County, NE, 42.1582, -96.544, 6627, 393.58]
[51036, Charles City, Charles City County, VA, 37.3567, -77.0622, 6627, 182.82]
[51530, Buena Vista, Buena Vista City, VA, 37.7319, -79.3568, 6593, 6.7]
[5095, Monroe, Monroe County, AR, 34.6778, -91.2039, 6589, 607.12]
[8109, Saguache, Saguache County, CO, 38.0805, -106.2815, 6580, 3168.53]
[47095, Lake, Lake County, TN, 36.3352, -89.4935, 6579, 165.78]
[51181, Surry, Surry County, VA, 37.1098, -76.9002, 6549, 278.95]
[8103, Rio Blanco, Rio Blanco County, CO, 39.9798, -108.2171, 6544, 3220.93]
[31093, Howard, Howard County, NE, 41.22, -98.5171, 6534, 569.34]
[19185, Wayne, Wayne County, IA, 40.7395, -93.3274, 6532, 525.44]
[19071, Fremont, Fremont County, IA, 40.7456, -95.6047, 6514, 511.15]
[32027, Pershing, Pershing County, NV, 40.4404, -118.4044, 6487, 6036.56]
[21237, Wolfe, Wolfe County, KY, 37.7393, -83.4932, 6443, 222.17]
[47175, Van Buren, Van Buren County, TN, 35.696, -85.4526, 6437, 273.42]
[21075, Fulton, Fulton County, KY, 36.554, -89.1874, 6409, 205.5]
[46101, Moody, Moody County, SD, 44.022, -96.6709, 6397, 519.39]
[38009, Bottineau, Bottineau County, ND, 48.7922, -100.8333, 6378, 1668.42]
[13283, Treutlen, Treutlen County, GA, 32.4039, -82.5673, 6376, 199.44]
[46057, Hamlin, Hamlin County, SD, 44.6738, -97.1883, 6373, 507.23]
[27167, Wilkin, Wilkin County, MN, 46.357, -96.4683, 6371, 750.96]
[27107, Norman, Norman County, MN, 47.3265, -96.4553, 6367, 872.79]
[20053, Ellsworth, Ellsworth County, KS, 38.6966, -98.2048, 6360, 715.85]
[30099, Teton, Teton County, MT, 47.8371, -112.2408, 6353, 2272.38]
[17009, Brown, Brown County, IL, 39.9618, -90.7504, 6322, 305.61]
[31003, Antelope, Antelope County, NE, 42.1769, -98.0667, 6305, 857.22]
[26095, Luce, Luce County, MI, 46.4706, -85.5444, 6271, 899.08]
[29075, Gentry, Gentry County, MO, 40.2121, -94.4099, 6245, 491.42]
[5039, Dallas, Dallas County, AR, 33.9699, -92.6544, 6242, 667.39]
[21165, Menifee, Menifee County, KY, 37.9414, -83.5989, 6230, 203.59]
[46115, Spink, Spink County, SD, 44.938, -98.3462, 6219, 1503.93]
[55051, Iron, Iron County, WI, 46.2623, -90.2421, 6210, 758.17]
[51021, Bland, Bland County, VA, 37.134, -81.1302, 6199, 357.73]
[13243, Randolph, Randolph County, GA, 31.7626, -84.7542, 6196, 428.24]
[17071, Henderson, Henderson County, IL, 40.818, -90.9251, 6193, 378.87]
[20145, Pawnee, Pawnee County, KS, 38.1813, -99.2367, 6144, 754.26]
[5073, Lafayette, Lafayette County, AR, 33.2416, -93.607, 6136, 528.27]
[27051, Grant, Grant County, MN, 45.9341, -96.0122, 6127, 548.16]
[19143, Osceola, Osceola County, IA, 43.3786, -95.6237, 6100, 398.68]
[31035, Clay, Clay County, NE, 40.5244, -98.0513, 6095, 572.29]
[17047, Edwards, Edwards County, IL, 38.4165, -88.0533, 6075, 222.42]
[54013, Calhoun, Calhoun County, WV, 38.8445, -81.1176, 6048, 279.25]
[54071, Pendleton, Pendleton County, WV, 38.6807, -79.3509, 6043, 696.05]
[30073, Pondera, Pondera County, MT, 48.2278, -112.2263, 6035, 1622.86]
[5147, Woodruff, Woodruff County, AR, 35.1863, -91.2431, 6026, 586.79]
[29179, Reynolds, Reynolds County, MO, 37.3623, -90.9691, 6010, 808.48]
[18115, Ohio, Ohio County, IN, 38.9501, -84.9652, 5999, 86.14]
[29205, Shelby, Shelby County, MO, 39.7978, -92.0766, 5986, 500.86]
[50009, Essex, Essex County, VT, 44.7275, -71.7359, 5982, 663.6]
[21057, Cumberland, Cumberland County, KY, 36.7866, -85.3885, 5948, 305.18]
[48377, Presidio, Presidio County, TX, 29.9998, -104.2405, 5930, 3855.24]
[20073, Greenwood, Greenwood County, KS, 37.8778, -96.2326, 5919, 1143.3]
[30015, Chouteau, Chouteau County, MT, 47.8806, -110.4353, 5906, 3972.49]
[8047, Gilpin, Gilpin County, CO, 39.8575, -105.5226, 5901, 149.9]
[42113, Sullivan, Sullivan County, PA, 41.4462, -76.5122, 5888, 449.94]
[19173, Taylor, Taylor County, IA, 40.7374, -94.6964, 5868, 531.9]
[20181, Sherman, Sherman County, KS, 39.3514, -101.72, 5858, 1056.07]
[29211, Sullivan, Sullivan County, MO, 40.2106, -93.1115, 5857, 647.98]
[13201, Miller, Miller County, GA, 31.164, -84.7308, 5850, 282.42]
[26131, Ontonagon, Ontonagon County, MI, 46.6644, -89.3148, 5850, 1311.23]
[20143, Ottawa, Ottawa County, KS, 39.1325, -97.6502, 5819, 720.73]
[38005, Benson, Benson County, ND, 48.0694, -99.366, 5808, 1388.71]
[48065, Carson, Carson County, TX, 35.4035, -101.3542, 5801, 920.22]
[31167, Stanton, Stanton County, NE, 41.9169, -97.1939, 5796, 427.95]
[20123, Mitchell, Mitchell County, KS, 39.3933, -98.2094, 5779, 701.79]
[28119, Quitman, Quitman County, MS, 34.2514, -90.2891, 5774, 405.01]
[32015, Lander, Lander County, NV, 39.9337, -117.038, 5770, 5490.11]
[48305, Lynn, Lynn County, TX, 33.1768, -101.8161, 5752, 891.87]
[46087, McCook, McCook County, SD, 43.6743, -97.3685, 5751, 574.2]
[13263, Talbot, Talbot County, GA, 32.6995, -84.533, 5742, 391.39]
[2198, Prince of Wales-Hyder, Prince of Wales-Hyder Census Area, AK, 55.8011, -133.0167, 5715, 3922.87]
[20069, Gray, Gray County, KS, 37.7382, -100.4379, 5701, 868.87]
[40003, Alfalfa, Alfalfa County, OK, 36.731, -98.324, 5696, 866.46]
[48411, San Saba, San Saba County, TX, 31.1552, -98.8176, 5696, 1135.3]
[51580, Covington, Covington City, VA, 37.7785, -79.9868, 5680, 5.47]
[8025, Crowley, Crowley County, CO, 38.3266, -103.7845, 5647, 787.42]
[38073, Ransom, Ransom County, ND, 46.4562, -97.6574, 5643, 862.36]
[27031, Cook, Cook County, MN, 47.9026, -90.5354, 5635, 1452.28]
[46123, Tripp, Tripp County, SD, 43.3459, -99.8839, 5611, 1612.45]
[27081, Lincoln, Lincoln County, MN, 44.4126, -96.2671, 5603, 536.76]
[17155, Putnam, Putnam County, IL, 41.2045, -89.2858, 5601, 160.16]
[19009, Audubon, Audubon County, IA, 41.6846, -94.9058, 5599, 442.96]
[8073, Lincoln, Lincoln County, CO, 38.9881, -103.514, 5550, 2577.63]
[8011, Bent, Bent County, CO, 37.9551, -103.0717, 5549, 1512.86]
[51595, Emporia, Emporia City, VA, 36.6952, -77.5364, 5547, 6.89]
[31051, Dixon, Dixon County, NE, 42.4931, -96.8677, 5545, 476.23]
[31059, Fillmore, Fillmore County, NE, 40.5247, -97.5965, 5541, 575.37]
[20201, Washington, Washington County, KS, 39.7842, -97.0875, 5533, 894.76]
[31031, Cherry, Cherry County, NE, 42.545, -101.1186, 5498, 5960.42]
[13037, Calhoun, Calhoun County, GA, 31.5292, -84.6245, 5498, 280.37]
[40055, Greer, Greer County, OK, 34.9357, -99.5608, 5489, 639.32]
[40033, Cotton, Cotton County, OK, 34.2902, -98.3722, 5485, 632.65]
[48119, Delta, Delta County, TX, 33.3863, -95.6723, 5438, 256.83]
[46037, Day, Day County, SD, 45.3671, -97.6074, 5437, 1027.87]
[48207, Haskell, Haskell County, TX, 33.1782, -99.7303, 5421, 903.13]
[20077, Harper, Harper County, KS, 37.1916, -98.0755, 5400, 801.27]
[40067, Jefferson, Jefferson County, OK, 34.111, -97.8358, 5380, 758.83]
[20137, Norton, Norton County, KS, 39.7844, -99.9035, 5359, 878.13]
[27087, Mahnomen, Mahnomen County, MN, 47.3253, -95.8091, 5358, 557.88]
[16063, Lincoln, Lincoln County, ID, 43.0024, -114.1383, 5358, 1201.41]
[31011, Boone, Boone County, NE, 41.7068, -98.0672, 5356, 686.55]
[20127, Morris, Morris County, KS, 38.6874, -96.6499, 5340, 695.28]
[40029, Coal, Coal County, OK, 34.5882, -96.2978, 5320, 516.68]
[17175, Stark, Stark County, IL, 41.0934, -89.7975, 5308, 288.08]
[29035, Carter, Carter County, MO, 36.9412, -90.9623, 5297, 507.36]
[46015, Brule, Brule County, SD, 43.7181, -99.0809, 5283, 817.24]
[46129, Walworth, Walworth County, SD, 45.4299, -100.0315, 5271, 708.63]
[31097, Johnson, Johnson County, NE, 40.3926, -96.2651, 5261, 376.05]
[8027, Custer, Custer County, CO, 38.1087, -105.3675, 5247, 738.63]
[46077, Kingsbury, Kingsbury County, SD, 44.3696, -97.4915, 5244, 832.24]
[2016, Aleutians West, Aleutians West Census Area, AK, 52.7985, -106.5633, 5235, 4390.28]
[31143, Polk, Polk County, NE, 41.1869, -97.5684, 5225, 438.35]
[49017, Garfield, Garfield County, UT, 37.8549, -111.4432, 5219, 5175.12]
[48317, Martin, Martin County, TX, 32.306, -101.9513, 5218, 914.94]
[48153, Floyd, Floyd County, TX, 34.0724, -101.3032, 5216, 992.14]
[48205, Hartley, Hartley County, TX, 35.84, -102.6029, 5215, 1462.03]
[38049, McHenry, McHenry County, ND, 48.2346, -100.6363, 5207, 1873.95]
[46041, Dewey, Dewey County, SD, 45.1566, -100.8718, 5205, 2302.49]
[2290, Yukon-Koyukuk, Yukon-Koyukuk Census Area, AK, 65.5087, -151.3896, 5195, 145504.79]
[29005, Atchison, Atchison County, MO, 40.4308, -95.4281, 5187, 547.3]
[13301, Warren, Warren County, GA, 33.4089, -82.6768, 5170, 284.3]
[20189, Stevens, Stevens County, KS, 37.1923, -101.3121, 5162, 727.29]
[30065, Musselshell, Musselshell County, MT, 46.4966, -108.3981, 5152, 1868.16]
[27011, Big Stone, Big Stone County, MN, 45.4261, -96.411, 5127, 499.02]
[48195, Hansford, Hansford County, TX, 36.2774, -101.3546, 5119, 919.81]
[48169, Garza, Garza County, TX, 33.1799, -101.2984, 5118, 893.41]
[36041, Hamilton, Hamilton County, NY, 43.6611, -74.4974, 5089, 1717.37]
[8091, Ouray, Ouray County, CO, 38.1555, -107.7693, 5087, 541.59]
[47137, Pickett, Pickett County, TN, 36.5584, -85.0749, 5079, 162.98]
[30101, Toole, Toole County, MT, 48.6554, -111.6956, 5061, 1915.65]
[54105, Wirt, Wirt County, WV, 39.0225, -81.3787, 5053, 232.51]
[48107, Crosby, Crosby County, TX, 33.6147, -101.3, 5041, 900.2]
[40007, Beaver, Beaver County, OK, 36.7497, -100.4768, 5028, 1814.67]
[20171, Scott, Scott County, KS, 38.4822, -100.9069, 5027, 717.54]
[17153, Pulaski, Pulaski County, IL, 37.2232, -89.1266, 5015, 199.19]
[22023, Cameron, Cameron Parish, LA, 29.8754, -93.1937, 5015, 1284.89]
[31161, Sheridan, Sheridan County, NE, 42.5048, -102.4089, 5014, 2440.86]
[30061, Mineral, Mineral County, MT, 47.1472, -114.9983, 4959, 1219.44]
[17171, Scott, Scott County, IL, 39.6441, -90.4747, 4937, 250.91]
[38021, Dickey, Dickey County, ND, 46.1102, -98.5047, 4935, 1131.47]
[31169, Thayer, Thayer County, NE, 40.1762, -97.595, 4901, 573.81]
[17003, Alexander, Alexander County, IL, 37.1915, -89.3375, 4875, 235.51]
[13259, Stewart, Stewart County, GA, 32.0785, -84.8352, 4869, 458.73]
[48483, Wheeler, Wheeler County, TX, 35.4012, -100.2698, 4862, 914.52]
[51045, Craig, Craig County, VA, 37.4817, -80.2114, 4856, 329.53]
[8121, Washington, Washington County, CO, 39.971, -103.2012, 4831, 2518.03]
[17059, Gallatin, Gallatin County, IL, 37.7628, -88.2305, 4819, 323.07]
[20147, Phillips, Phillips County, KS, 39.7846, -99.347, 4813, 885.88]
[20163, Rooks, Rooks County, KS, 39.3502, -99.325, 4813, 890.53]
[16071, Oneida, Oneida County, ID, 42.195, -112.5394, 4768, 1200.06]
[21039, Carlisle, Carlisle County, KY, 36.8532, -88.971, 4762, 189.43]
[16003, Adams, Adams County, ID, 44.8896, -116.4538, 4744, 1363.06]
[48247, Jim Hogg, Jim Hogg County, TX, 27.0434, -98.6973, 4727, 1136.14]
[2070, Dillingham, Dillingham Census Area, AK, 59.8003, -158.2346, 4724, 18568.78]
[5013, Calhoun, Calhoun County, AR, 33.5581, -92.503, 4704, 628.58]
[29199, Scotland, Scotland County, MO, 40.4526, -92.1471, 4686, 436.67]
[53069, Wahkiakum, Wahkiakum County, WA, 46.2918, -123.4244, 4658, 263.38]
[55037, Florence, Florence County, WI, 45.8485, -88.3981, 4646, 488.2]
[20157, Republic, Republic County, KS, 39.8278, -97.6506, 4646, 717.37]
[19159, Ringgold, Ringgold County, IA, 40.7352, -94.244, 4645, 535.5]
[29171, Putnam, Putnam County, MO, 40.4789, -93.0162, 4642, 517.32]
[56017, Hot Springs, Hot Springs County, WY, 43.719, -108.4422, 4620, 2004.09]
[48103, Crane, Crane County, TX, 31.4286, -102.5156, 4610, 785.07]
[37095, Hyde, Hyde County, NC, 35.5306, -76.2517, 4592, 612.7]
[31065, Furnas, Furnas County, NE, 40.1764, -99.9123, 4568, 719.13]
[32021, Mineral, Mineral County, NV, 38.5386, -118.4349, 4542, 3752.84]
[31123, Morrill, Morrill County, NE, 41.716, -103.0105, 4534, 1423.84]
[13249, Schley, Schley County, GA, 32.2617, -84.3148, 4513, 166.91]
[48333, Mills, Mills County, TX, 31.4952, -98.5954, 4511, 748.26]
[8095, Phillips, Phillips County, CO, 40.594, -102.3576, 4496, 687.93]
[16037, Custer, Custer County, ID, 44.2411, -114.2817, 4470, 4920.94]
[21105, Hickman, Hickman County, KY, 36.6781, -88.9761, 4439, 242.27]
[42023, Cameron, Cameron County, PA, 41.4367, -78.204, 4427, 396.23]
[32017, Lincoln, Lincoln County, NV, 37.6433, -114.8775, 4405, 10633.2]
[48267, Kimble, Kimble County, TX, 30.4868, -99.7487, 4389, 1250.99]
[35019, Guadalupe, Guadalupe County, NM, 34.8633, -104.7906, 4381, 3030.48]
[40043, Dewey, Dewey County, OK, 35.9876, -99.0079, 4360, 999.48]
[46091, Marshall, Marshall County, SD, 45.7586, -97.5986, 4344, 838.07]
[17013, Calhoun, Calhoun County, IL, 39.1693, -90.6676, 4330, 253.83]
[46039, Deuel, Deuel County, SD, 44.76, -96.668, 4328, 622.69]
[55078, Menominee, Menominee County, WI, 45.0044, -88.71, 4252, 357.61]
[29087, Holt, Holt County, MO, 40.0944, -95.2155, 4240, 462.69]
[30071, Phillips, Phillips County, MT, 48.2592, -107.9133, 4221, 5140.04]
[35033, Mora, Mora County, NM, 36.0105, -104.945, 4149, 1931.27]
[32029, Storey, Storey County, NV, 39.447, -119.5294, 4140, 262.92]
[40053, Grant, Grant County, OK, 36.7961, -97.7861, 4131, 1000.87]
[38045, LaMoure, LaMoure County, ND, 46.4569, -98.5355, 4118, 1145.94]
[51017, Bath, Bath County, VA, 38.0587, -79.7411, 4100, 529.16]
[31129, Nuckolls, Nuckolls County, NE, 40.1764, -98.0472, 4087, 575.16]
[27069, Kittson, Kittson County, MN, 48.7766, -96.7829, 4084, 1098.8]
[20007, Barber, Barber County, KS, 37.2289, -98.6848, 4069, 1134.07]
[31175, Valley, Valley County, NE, 41.5673, -98.9819, 4066, 568.05]
[46045, Edmunds, Edmunds County, SD, 45.4188, -99.2153, 4048, 1125.96]
[35023, Hidalgo, Hidalgo County, NM, 31.914, -108.7148, 4041, 3436.86]
[38025, Dunn, Dunn County, ND, 47.3568, -102.6182, 4040, 2008.46]
[29197, Schuyler, Schuyler County, MO, 40.4703, -92.521, 4038, 307.3]
[46053, Gregory, Gregory County, SD, 43.1924, -99.1856, 4016, 1014.96]
[53013, Columbia, Columbia County, WA, 46.2975, -117.9078, 4014, 868.63]
[35059, Union, Union County, NM, 36.4816, -103.471, 4013, 3823.74]
[20185, Stafford, Stafford County, KS, 38.031, -98.7174, 3978, 792.05]
[21189, Owsley, Owsley County, KY, 37.4192, -83.6831, 3971, 197.41]
[48319, Mason, Mason County, TX, 30.7177, -99.2261, 3955, 928.8]
[22107, Tensas, Tensas Parish, LA, 32.0019, -91.3401, 3935, 602.78]
[38069, Pierce, Pierce County, ND, 48.2496, -99.9718, 3928, 1018.6]
[46025, Clark, Clark County, SD, 44.8582, -97.7295, 3917, 957.6]
[27125, Red Lake, Red Lake County, MN, 47.8717, -96.0953, 3915, 432.41]
[20119, Meade, Meade County, KS, 37.2382, -100.3662, 3903, 978.09]
[38103, Wells, Wells County, ND, 47.5875, -99.661, 3890, 1271.05]
[28125, Sharkey, Sharkey County, MS, 32.8798, -90.8132, 3872, 431.72]
[20093, Kearny, Kearny County, KS, 38.0003, -101.3199, 3864, 870.54]
[27077, Lake of the Woods, Lake of the Woods County, MN, 48.7712, -94.9046, 3821, 1297.87]
[46031, Corson, Corson County, SD, 45.7086, -101.1969, 3806, 2469.69]
[38081, Sargent, Sargent County, ND, 46.1078, -97.6306, 3804, 858.51]
[29103, Knox, Knox County, MO, 40.1283, -92.1481, 3756, 504.01]
[35003, Catron, Catron County, NM, 33.9153, -108.4046, 3743, 6923.69]
[38085, Sioux, Sioux County, ND, 46.1127, -101.0404, 3740, 1094.09]
[17151, Pope, Pope County, IL, 37.4127, -88.5615, 3739, 368.77]
[46085, Lyman, Lyman County, SD, 43.8958, -99.8474, 3724, 1641.94]
[30097, Sweet Grass, Sweet Grass County, MT, 45.8138, -109.941, 3720, 1855.21]
[13101, Echols, Echols County, GA, 30.7101, -82.894, 3709, 414.89]
[40045, Ellis, Ellis County, OK, 36.2184, -99.7546, 3683, 1231.52]
[16061, Lewis, Lewis County, ID, 46.237, -116.4263, 3682, 478.8]
[31029, Chase, Chase County, NE, 40.5242, -101.698, 3671, 894.42]
[30091, Sheridan, Sheridan County, MT, 48.7212, -104.5047, 3669, 1677.08]
[48151, Fisher, Fisher County, TX, 32.7428, -100.4022, 3655, 898.94]
[20081, Haskell, Haskell County, KS, 37.5622, -100.8712, 3641, 577.52]
[38019, Cavalier, Cavalier County, ND, 48.7723, -98.4648, 3633, 1488.75]
[19003, Adams, Adams County, IA, 41.029, -94.6992, 3622, 423.44]
[8023, Costilla, Costilla County, CO, 37.2781, -105.4282, 3607, 1226.95]
[17069, Hardin, Hardin County, IL, 37.5182, -88.2668, 3605, 177.53]
[51720, Norton, Norton City, VA, 36.9315, -82.6262, 3577, 7.48]
[20183, Smith, Smith County, KS, 39.7852, -98.7855, 3552, 895.47]
[48197, Hardeman, Hardeman County, TX, 34.2902, -99.7457, 3501, 695.11]
[2013, Aleutians East, Aleutians East Borough, AK, 55.3669, -161.9805, 3491, 6981.94]
[48023, Baylor, Baylor County, TX, 33.6165, -99.2135, 3485, 867.48]
[29129, Mercer, Mercer County, MO, 40.4223, -93.5686, 3482, 453.84]
[46061, Hanson, Hanson County, SD, 43.6748, -97.7873, 3472, 434.51]
[30039, Granite, Granite County, MT, 46.4045, -113.4404, 3462, 1727.42]
[20141, Osborne, Osborne County, KS, 39.3503, -98.7679, 3452, 892.5]
[8009, Baca, Baca County, CO, 37.3192, -102.5605, 3428, 2554.97]
[37177, Tyrrell, Tyrrell County, NC, 35.8172, -76.209, 3423, 389.04]
[2195, Petersburg, Petersburg Borough, AK, 57.1204, -132.934, 3409, 3281.98]
[48229, Hudspeth, Hudspeth County, TX, 31.4562, -105.3865, 3403, 4570.98]
[20019, Chautauqua, Chautauqua County, KS, 37.15, -96.2454, 3370, 638.88]
[31181, Webster, Webster County, NE, 40.1764, -98.5, 3360, 574.91]
[40129, Roger Mills, Roger Mills County, OK, 35.6883, -99.6958, 3359, 1141.14]
[38031, Foster, Foster County, ND, 47.4571, -98.883, 3358, 635.45]
[48081, Coke, Coke County, TX, 31.8886, -100.53, 3353, 911.47]
[46007, Bennett, Bennett County, SD, 43.195, -101.664, 3345, 1184.71]
[48095, Concho, Concho County, TX, 31.3266, -99.864, 3328, 983.8]
[31125, Nance, Nance County, NE, 41.3973, -97.9922, 3324, 441.63]
[48275, Knox, Knox County, TX, 33.6061, -99.7414, 3307, 850.62]
[48435, Sutton, Sutton County, TX, 30.4984, -100.5382, 3277, 1453.93]
[48129, Donley, Donley County, TX, 34.9654, -100.814, 3257, 926.89]
[38029, Emmons, Emmons County, ND, 46.2851, -100.2387, 3254, 1510.44]
[31105, Kimball, Kimball County, NE, 41.1978, -103.7149, 3248, 951.85]
[27155, Traverse, Traverse County, MN, 45.7722, -96.4716, 3243, 573.9]
[48211, Hemphill, Hemphill County, TX, 35.8376, -100.2706, 3234, 906.29]
[48383, Reagan, Reagan County, TX, 31.3661, -101.5231, 3232, 1175.3]
[40059, Harper, Harper County, OK, 36.7888, -99.6673, 3203, 1039.02]
[48461, Upton, Upton County, TX, 31.3688, -102.0431, 3191, 1241.32]
[48417, Shackelford, Shackelford County, TX, 32.7359, -99.354, 3175, 914.29]
[48271, Kinney, Kinney County, TX, 29.3502, -100.418, 3157, 1360.06]
[46059, Hand, Hand County, SD, 44.5478, -99.0049, 3140, 1436.61]
[20207, Woodson, Woodson County, KS, 37.8867, -95.7401, 3109, 497.82]
[38063, Nelson, Nelson County, ND, 47.9217, -98.192, 3016, 981.78]
[46117, Stanley, Stanley County, SD, 44.4123, -100.7359, 3015, 1444.43]
[46105, Perkins, Perkins County, SD, 45.4905, -102.4757, 3001, 2870.48]
[31163, Sherman, Sherman County, NE, 41.2206, -98.9762, 2967, 565.83]
[20165, Rush, Rush County, KS, 38.5231, -99.3092, 2947, 717.76]
[13125, Glascock, Glascock County, GA, 33.2293, -82.6107, 2932, 143.74]
[20105, Lincoln, Lincoln County, KS, 39.0453, -98.2077, 2923, 719.4]
[48295, Lipscomb, Lipscomb County, TX, 36.2776, -100.2731, 2918, 932.18]
[20089, Jewell, Jewell County, KS, 39.7847, -98.2183, 2916, 909.78]
[38011, Bowman, Bowman County, ND, 46.1126, -103.5206, 2906, 1161.81]
[31017, Brown, Brown County, NE, 42.43, -99.9295, 2869, 1221.33]
[13061, Clay, Clay County, GA, 31.6262, -84.9801, 2850, 195.38]
[31083, Harlan, Harlan County, NE, 40.1765, -99.4046, 2847, 553.47]
[31061, Franklin, Franklin County, NE, 40.1763, -98.9528, 2846, 575.82]
[46043, Douglas, Douglas County, SD, 43.3869, -98.3661, 2828, 431.8]
[48105, Crockett, Crockett County, TX, 30.7231, -101.412, 2822, 2807.33]
[31135, Perkins, Perkins County, NE, 40.851, -101.6497, 2821, 883.34]
[48191, Hall, Hall County, TX, 34.5308, -100.6811, 2820, 883.49]
[46071, Jackson, Jackson County, SD, 43.6943, -101.6281, 2802, 1863.91]
[48385, Real, Real County, TX, 29.8318, -99.8222, 2802, 699.2]
[20063, Gove, Gove County, KS, 38.9161, -100.483, 2799, 1071.67]
[13007, Baker, Baker County, GA, 31.3261, -84.4447, 2790, 341.94]
[20047, Edwards, Edwards County, KS, 37.8876, -99.3121, 2779, 621.89]
[20195, Trego, Trego County, KS, 38.9143, -99.8728, 2777, 889.48]
[30025, Fallon, Fallon County, MT, 46.334, -104.4174, 2760, 1620.77]
[6091, Sierra, Sierra County, CA, 39.5803, -120.5161, 2746, 953.21]
[20039, Decatur, Decatur County, KS, 39.7847, -100.4599, 2726, 893.52]
[20109, Logan, Logan County, KS, 38.9173, -101.1484, 2707, 1072.99]
[16023, Butte, Butte County, ID, 43.7229, -113.172, 2684, 2231.67]
[20135, Ness, Ness County, KS, 38.4794, -99.9162, 2653, 1074.75]
[46003, Aurora, Aurora County, SD, 43.718, -98.5615, 2642, 708.43]
[49033, Rich, Rich County, UT, 41.6323, -111.2445, 2631, 1028.78]
[20023, Cheyenne, Cheyenne County, KS, 39.7859, -101.7319, 2628, 1019.89]
[2066, Copper River, Copper River Census Area, AK, 61.8855, -143.97, 2626, 0.0]
[20129, Morton, Morton County, KS, 37.1914, -101.7992, 2611, 729.73]
[48087, Collingsworth, Collingsworth County, TX, 34.9648, -100.27, 2588, 918.44]
[49055, Wayne, Wayne County, UT, 38.3244, -110.9038, 2584, 2460.68]
[31063, Frontier, Frontier County, NE, 40.5301, -100.3942, 2569, 974.59]
[31087, Hitchcock, Hitchcock County, NE, 40.1763, -101.0423, 2569, 709.94]
[20017, Chase, Chase County, KS, 38.302, -96.594, 2561, 773.06]
[48079, Cochran, Cochran County, TX, 33.6042, -102.8285, 2550, 775.15]
[31133, Pawnee, Pawnee County, NE, 40.1315, -96.2371, 2530, 431.08]
[20153, Rawlins, Rawlins County, KS, 39.7852, -101.0765, 2516, 1069.42]
[38051, McIntosh, McIntosh County, ND, 46.1118, -99.4412, 2497, 974.73]
[20075, Hamilton, Hamilton County, KS, 37.9991, -101.7912, 2471, 996.51]
[20049, Elk, Elk County, KS, 37.4537, -96.2441, 2453, 644.27]
[8033, Dolores, Dolores County, CO, 37.7517, -108.5174, 2432, 1067.05]
[38041, Hettinger, Hettinger County, ND, 46.4325, -102.4603, 2432, 1132.22]
[20179, Sheridan, Sheridan County, KS, 39.3503, -100.4418, 2426, 895.96]
[20097, Kiowa, Kiowa County, KS, 37.5582, -99.2861, 2422, 722.64]
[40057, Harmon, Harmon County, OK, 34.7441, -99.8462, 2406, 537.19]
[20065, Graham, Graham County, KS, 39.3497, -99.8832, 2389, 898.52]
[46107, Potter, Potter County, SD, 45.0645, -99.9572, 2388, 861.14]
[46111, Sanborn, Sanborn County, SD, 44.0234, -98.0913, 2384, 569.32]
[13307, Webster, Webster County, GA, 32.0468, -84.5511, 2381, 209.12]
[48413, Schleicher, Schleicher County, TX, 30.8974, -100.5383, 2381, 1310.63]
[46137, Ziebach, Ziebach County, SD, 44.9804, -101.6658, 2377, 1961.27]
[38043, Kidder, Kidder County, ND, 46.9801, -99.7801, 2377, 1351.19]
[56027, Niobrara, Niobrara County, WY, 43.0565, -104.4754, 2368, 2626.04]
[53023, Garfield, Garfield County, WA, 46.4316, -117.5452, 2353, 710.69]
[2105, Hoonah-Angoon, Hoonah-Angoon Census Area, AK, 58.287, -135.6393, 2311, 7524.92]
[38027, Eddy, Eddy County, ND, 47.7176, -98.9016, 2307, 630.17]
[8115, Sedgwick, Sedgwick County, CO, 40.8759, -102.3518, 2304, 548.04]
[38075, Renville, Renville County, ND, 48.719, -101.6578, 2304, 877.05]
[46097, Miner, Miner County, SD, 44.0219, -97.6102, 2300, 570.31]
[51091, Highland, Highland County, VA, 38.3623, -79.5686, 2296, 415.16]
[48421, Sherman, Sherman County, TX, 36.2777, -101.8934, 2295, 923.04]
[21201, Robertson, Robertson County, KY, 38.5188, -84.052, 2283, 99.91]
[38037, Grant, Grant County, ND, 46.3583, -101.6397, 2269, 1659.14]
[13239, Quitman, Quitman County, GA, 31.8673, -85.0188, 2264, 151.24]
[48359, Oldham, Oldham County, TX, 35.405, -102.6028, 2249, 1500.53]
[38039, Griggs, Griggs County, ND, 47.4573, -98.237, 2245, 708.82]
[40025, Cimarron, Cimarron County, OK, 36.7483, -102.5178, 2218, 1834.74]
[31077, Greeley, Greeley County, NE, 41.5674, -98.5212, 2202, 569.81]
[48109, Culberson, Culberson County, TX, 31.447, -104.5173, 2195, 3812.8]
[38023, Divide, Divide County, ND, 48.8149, -103.4872, 2167, 1260.79]
[38013, Burke, Burke County, ND, 48.791, -102.5182, 2156, 1103.57]
[46089, McPherson, McPherson County, SD, 45.7664, -99.2214, 2145, 1136.64]
[38001, Adams, Adams County, ND, 46.0968, -102.5284, 2145, 987.62]
[26083, Keweenaw, Keweenaw County, MI, 47.628, -88.4346, 2133, 540.11]
[46049, Faulk, Faulk County, SD, 45.071, -99.1453, 2126, 981.75]
[20203, Wichita, Wichita County, KS, 38.4821, -101.3474, 2091, 718.57]
[2275, Wrangell, Wrangell City and Borough, AK, 56.3323, -132.0221, 2088, 2541.48]
[2100, Haines, Haines Borough, AK, 59.1186, -135.5007, 2086, 2318.6]
[38095, Towner, Towner County, ND, 48.6855, -99.2457, 2079, 1024.56]
[30045, Judith Basin, Judith Basin County, MT, 47.0454, -110.266, 2071, 1869.82]
[30107, Wheatland, Wheatland County, MT, 46.4663, -109.8446, 2056, 1423.2]
[31073, Gosper, Gosper County, NE, 40.5148, -99.8307, 2040, 458.16]
[20187, Stanton, Stanton County, KS, 37.563, -101.7842, 2038, 680.35]
[30059, Meagher, Meagher County, MT, 46.5982, -110.8857, 2007, 2391.91]
[20025, Clark, Clark County, KS, 37.2355, -99.8203, 1974, 974.63]
[41021, Gilliam, Gilliam County, OR, 45.3783, -120.2108, 1971, 1204.81]
[2068, Denali, Denali Borough, AK, 63.6714, -150.0118, 1969, 12751.41]
[48327, Menard, Menard County, TX, 30.8898, -99.8206, 1955, 902.03]
[30051, Liberty, Liberty County, MT, 48.5617, -111.0246, 1952, 1430.05]
[46095, Mellette, Mellette County, SD, 43.5813, -100.76, 1943, 1307.31]
[41055, Sherman, Sherman County, OR, 45.4052, -120.6894, 1938, 823.69]
[29227, Worth, Worth County, MO, 40.4791, -94.4221, 1934, 266.61]
[48243, Jeff Davis, Jeff Davis County, TX, 30.7154, -104.14, 1865, 2264.56]
[31049, Deuel, Deuel County, NE, 41.1116, -102.3339, 1847, 439.85]
[38065, Oliver, Oliver County, ND, 47.1153, -101.3403, 1839, 722.51]
[48011, Armstrong, Armstrong County, TX, 34.9649, -101.3574, 1822, 909.11]
[38047, Logan, Logan County, ND, 46.4574, -99.4774, 1819, 992.82]
[30075, Powder River, Powder River County, MT, 45.395, -105.6302, 1815, 3297.3]
[46017, Buffalo, Buffalo County, SD, 44.0763, -99.2048, 1808, 471.38]
[38091, Steele, Steele County, ND, 47.4562, -97.7246, 1804, 712.22]
[46073, Jerauld, Jerauld County, SD, 44.0663, -98.6297, 1772, 526.23]
[31069, Garden, Garden County, NE, 41.6194, -102.3354, 1761, 1704.28]
[48125, Dickens, Dickens County, TX, 33.6165, -100.7789, 1747, 901.72]
[8017, Cheyenne, Cheyenne County, CO, 38.8279, -102.6036, 1741, 1778.28]
[31057, Dundy, Dundy County, NE, 40.1762, -101.6879, 1736, 919.68]
[20033, Comanche, Comanche County, KS, 37.1913, -99.2718, 1729, 788.3]
[46055, Haakon, Haakon County, SD, 44.2945, -101.5399, 1722, 1810.53]
[31071, Garfield, Garfield County, NE, 41.9144, -98.9914, 1718, 569.79]
[49031, Piute, Piute County, UT, 38.3366, -112.1273, 1694, 757.79]
[31015, Boyd, Boyd County, NE, 42.8997, -98.7665, 1688, 539.94]
[30055, McCone, McCone County, MT, 47.6452, -105.7954, 1670, 2643.17]
[38033, Golden Valley, Golden Valley County, ND, 46.9402, -103.8466, 1653, 1000.79]
[20083, Hodgeman, Hodgeman County, KS, 38.0875, -99.8979, 1652, 859.99]
[48447, Throckmorton, Throckmorton County, TX, 33.1775, -99.2123, 1639, 912.55]
[6003, Alpine, Alpine County, CA, 38.5972, -119.8207, 1616, 738.33]
[46021, Campbell, Campbell County, SD, 45.7712, -100.0516, 1593, 733.68]
[32011, Eureka, Eureka County, NV, 39.9838, -116.2686, 1585, 4175.68]
[35011, De Baca, De Baca County, NM, 34.3425, -104.412, 1576, 2322.62]
[13265, Taliaferro, Taliaferro County, GA, 33.5661, -82.8788, 1558, 194.61]
[46119, Sully, Sully County, SD, 44.7156, -100.1322, 1526, 1006.82]
[30019, Daniels, Daniels County, MT, 48.7838, -105.5485, 1494, 1426.11]
[41069, Wheeler, Wheeler County, OR, 44.726, -120.0275, 1485, 1714.75]
[48431, Sterling, Sterling County, TX, 31.8278, -101.0501, 1468, 923.45]
[20101, Lane, Lane County, KS, 38.4813, -100.4664, 1461, 717.46]
[20199, Wallace, Wallace County, KS, 38.9167, -101.7636, 1417, 913.65]
[48235, Irion, Irion County, TX, 31.3039, -100.9824, 1409, 1051.56]
[8061, Kiowa, Kiowa County, CO, 38.4326, -102.7402, 1376, 1767.77]
[8057, Jackson, Jackson County, CO, 40.6664, -106.3428, 1372, 1613.72]
[48101, Cottle, Cottle County, TX, 34.0776, -100.2788, 1368, 900.56]
[31149, Rock, Rock County, NE, 42.4213, -99.4499, 1319, 1008.32]
[30011, Carter, Carter County, MT, 45.5168, -104.5362, 1308, 3340.75]
[20071, Greeley, Greeley County, KS, 38.4806, -101.806, 1304, 778.45]
[38083, Sheridan, Sheridan County, ND, 47.5755, -100.3456, 1303, 972.38]
[48045, Briscoe, Briscoe County, TX, 34.5303, -101.2085, 1301, 900.0]
[48137, Edwards, Edwards County, TX, 29.9827, -100.3048, 1290, 2117.86]
[30079, Prairie, Prairie County, MT, 46.8605, -105.378, 1250, 1736.74]
[2230, Skagway, Skagway Municipality, AK, 59.5614, -135.3382, 1244, 452.33]
[48433, Stonewall, Stonewall County, TX, 33.1792, -100.2534, 1227, 916.31]
[30109, Wibaux, Wibaux County, MT, 46.9653, -104.249, 1193, 889.27]
[46069, Hyde, Hyde County, SD, 44.5473, -99.4871, 1191, 860.52]
[48345, Motley, Motley County, TX, 34.0741, -100.7798, 1183, 989.56]
[31165, Sioux, Sioux County, NE, 42.4877, -103.7589, 1171, 2066.74]
[46063, Harding, Harding County, SD, 45.5803, -103.4958, 1148, 2671.38]
[16025, Camas, Camas County, ID, 43.4633, -114.8058, 1124, 1074.49]
[30033, Garfield, Garfield County, MT, 47.2776, -106.9929, 1094, 4675.36]
[48173, Glasscock, Glasscock County, TX, 31.8694, -101.5208, 1068, 900.22]
[32009, Esmeralda, Esmeralda County, NV, 37.7846, -117.6323, 1028, 3581.88]
[38007, Billings, Billings County, ND, 47.0236, -103.3763, 1024, 1148.85]
[2164, Lake and Peninsula, Lake and Peninsula Borough, AK, 58.6548, -156.1891, 1013, 23652.01]
[8053, Hinsdale, Hinsdale County, CO, 37.8213, -107.3003, 1005, 1117.25]
[46075, Jones, Jones County, SD, 43.9606, -100.6897, 1004, 969.68]
[48155, Foard, Foard County, TX, 33.9746, -99.778, 991, 704.4]
[28055, Issaquena, Issaquena County, MS, 32.7414, -90.9892, 928, 413.05]
[2060, Bristol Bay, Bristol Bay Borough, AK, 58.7431, -156.7015, 918, 503.84]
[30037, Golden Valley, Golden Valley County, MT, 46.3812, -109.1752, 899, 1175.34]
[16033, Clark, Clark County, ID, 44.2839, -112.3512, 849, 1764.19]
[31183, Wheeler, Wheeler County, NE, 41.9148, -98.5282, 847, 575.18]
[31085, Hayes, Hayes County, NE, 40.5248, -101.0619, 843, 713.06]
[48443, Terrell, Terrell County, TX, 30.225, -102.0765, 835, 2358.03]
[48393, Roberts, Roberts County, TX, 35.8384, -100.8136, 832, 924.06]
[31103, Keya Paha, Keya Paha County, NE, 42.8789, -99.7124, 822, 773.07]
[49009, Daggett, Daggett County, UT, 40.8873, -109.5077, 783, 696.98]
[31113, Logan, Logan County, NE, 41.5666, -100.4827, 773, 570.66]
[38087, Slope, Slope County, ND, 46.4472, -103.4599, 766, 1214.92]
[31007, Banner, Banner County, NE, 41.546, -103.7105, 742, 746.11]
[35021, Harding, Harding County, NM, 35.8579, -103.8203, 741, 2125.44]
[48263, Kent, Kent County, TX, 33.1813, -100.7776, 734, 902.51]
[30103, Treasure, Treasure County, MT, 46.2115, -107.2716, 732, 977.4]
[8079, Mineral, Mineral County, CO, 37.6689, -106.9241, 729, 875.67]
[8111, San Juan, San Juan County, CO, 37.764, -107.6762, 724, 387.49]
[48033, Borden, Borden County, TX, 32.7436, -101.4317, 713, 897.44]
[48311, McMullen, McMullen County, TX, 28.3526, -98.5679, 700, 1139.43]
[31091, Hooker, Hooker County, NE, 41.9161, -101.1353, 647, 721.12]
[31075, Grant, Grant County, NE, 41.915, -101.7406, 626, 776.22]
[31115, Loup, Loup County, NE, 41.9139, -99.4544, 578, 568.29]
[31171, Thomas, Thomas County, NE, 41.9137, -100.5558, 564, 713.24]
[2282, Yakutat, Yakutat City and Borough, AK, 59.8888, -140.3575, 527, 7649.46]
[31005, Arthur, Arthur County, NE, 41.569, -101.6958, 484, 715.36]
[31117, McPherson, McPherson County, NE, 41.5682, -101.0604, 475, 858.98]
[30069, Petroleum, Petroleum County, MT, 47.1175, -108.2502, 447, 1654.87]
[31009, Blaine, Blaine County, NE, 41.9128, -99.9767, 422, 710.87]
[48269, King, King County, TX, 33.6165, -100.2558, 211, 910.87]
[48261, Kenedy, Kenedy County, TX, 26.9285, -97.7017, 145, 1458.33]
[15005, Kalawao, Kalawao County, HI, 21.1709, -156.9475, 67, 11.99]
[48301, Loving, Loving County, TX, 31.8493, -103.58, 33, 668.93]
